{
  "YS": {
    "fold_val_losses": [
      0.10417338864517019,
      0.1029454831538105,
      0.1088162304042161,
      0.10558908351329195,
      0.10665707337940028
    ],
    "fold_epochs": [
      338,
      393,
      536,
      391,
      324
    ]
  },
  "UTS": {
    "fold_val_losses": [
      0.10323352331220423,
      0.10598634518074826,
      0.11156453554224355,
      0.10525415624891009,
      0.10349788657207598
    ],
    "fold_epochs": [
      390,
      396,
      360,
      561,
      346
    ]
  },
  "UE": {
    "fold_val_losses": [
      0.1950104412152005,
      0.19000067550486927,
      0.2173117525718938,
      0.19086630617370123,
      0.2010695138387144
    ],
    "fold_epochs": [
      441,
      634,
      196,
      567,
      363
    ]
  },
  "TE": {
    "fold_val_losses": [
      0.20187383205810758,
      0.2075322170856126,
      0.2287352414153441,
      0.2074704436945314,
      0.21968534966956915
    ],
    "fold_epochs": [
      343,
      383,
      212,
      445,
      234
    ]
  }
}