{
  "YS": {
    "property": "yield_strength",
    "vppm_rmse_mean": 20.856150358792213,
    "vppm_rmse_std": 0.7408645968552607,
    "naive_rmse": 33.907386779785156,
    "reduction": 13.051236420992943,
    "reduction_pct": 38.490835362086365,
    "fold_rmses": [
      20.523783239634678,
      19.86858948528318,
      21.9592740490219,
      20.507237823574158,
      21.421867196447135
    ],
    "n_samples": 6373
  },
  "UTS": {
    "property": "ultimate_tensile_strength",
    "vppm_rmse_mean": 29.49673563692528,
    "vppm_rmse_std": 1.327236625121329,
    "naive_rmse": 68.43310546875,
    "reduction": 38.93636983182472,
    "reduction_pct": 56.896979269200386,
    "fold_rmses": [
      28.93772257443376,
      27.938469584510184,
      28.80611268026698,
      29.99294785808121,
      31.80842548733425
    ],
    "n_samples": 6373
  },
  "UE": {
    "property": "uniform_elongation",
    "vppm_rmse_mean": 6.548936661054763,
    "vppm_rmse_std": 0.2590797285823722,
    "naive_rmse": 15.002843856811523,
    "reduction": 8.45390719575676,
    "reduction_pct": 56.348698129778604,
    "fold_rmses": [
      7.000433011914954,
      6.431124025045671,
      6.209206257246795,
      6.516976235918535,
      6.586943775147865
    ],
    "n_samples": 6373
  },
  "TE": {
    "property": "total_elongation",
    "vppm_rmse_mean": 8.374981234065835,
    "vppm_rmse_std": 0.2372077381013366,
    "naive_rmse": 18.518062591552734,
    "reduction": 10.1430813574869,
    "reduction_pct": 54.773987869086284,
    "fold_rmses": [
      8.74811569338789,
      8.351474327525734,
      8.02655002352909,
      8.274007190360154,
      8.474758935526312
    ],
    "n_samples": 6373
  }
}