{
  "YS": {
    "property": "yield_strength",
    "vppm_rmse_mean": 24.17910385131836,
    "vppm_rmse_std": 0.6367790102958679,
    "naive_rmse": 33.907386779785156,
    "reduction": 9.728282928466797,
    "reduction_pct": 28.690750122070312,
    "fold_rmses": [
      24.928186416625977,
      23.046751022338867,
      24.55942153930664,
      24.321016311645508,
      24.040145874023438
    ],
    "n_samples": 6373
  },
  "UTS": {
    "property": "ultimate_tensile_strength",
    "vppm_rmse_mean": 43.03120040893555,
    "vppm_rmse_std": 1.5408142805099487,
    "naive_rmse": 68.43310546875,
    "reduction": 25.401905059814453,
    "reduction_pct": 37.11932373046875,
    "fold_rmses": [
      44.57949447631836,
      42.14311599731445,
      41.44548416137695,
      45.18833541870117,
      41.7995719909668
    ],
    "n_samples": 6373
  },
  "UE": {
    "property": "uniform_elongation",
    "vppm_rmse_mean": 9.234197616577148,
    "vppm_rmse_std": 0.4801335632801056,
    "naive_rmse": 15.002843856811523,
    "reduction": 5.768646240234375,
    "reduction_pct": 38.45035171508789,
    "fold_rmses": [
      10.03580379486084,
      8.79479694366455,
      8.723550796508789,
      9.458781242370605,
      9.15805435180664
    ],
    "n_samples": 6373
  },
  "TE": {
    "property": "total_elongation",
    "vppm_rmse_mean": 11.200674057006836,
    "vppm_rmse_std": 0.42124882340431213,
    "naive_rmse": 18.518062591552734,
    "reduction": 7.317388534545898,
    "reduction_pct": 39.51487350463867,
    "fold_rmses": [
      11.625794410705566,
      10.422477722167969,
      11.223844528198242,
      11.517251968383789,
      11.21399974822998
    ],
    "n_samples": 6373
  }
}