{
  "YS": {
    "property": "yield_strength",
    "vppm_rmse_mean": 20.569737211922295,
    "vppm_rmse_std": 0.8940657740363828,
    "naive_rmse": 33.907386779785156,
    "reduction": 13.337649567862861,
    "reduction_pct": 39.335527843786764,
    "fold_rmses": [
      19.94543949260053,
      19.640647700514418,
      21.86111357951666,
      19.978996389611105,
      21.42248889736876
    ],
    "n_samples": 6373
  },
  "UTS": {
    "property": "ultimate_tensile_strength",
    "vppm_rmse_mean": 29.11178618287577,
    "vppm_rmse_std": 0.947033385885085,
    "naive_rmse": 68.43310546875,
    "reduction": 39.32131928587423,
    "reduction_pct": 57.45949861040622,
    "fold_rmses": [
      28.820186191324332,
      27.818588876711207,
      28.604383879121006,
      29.783142966259316,
      30.532629000962984
    ],
    "n_samples": 6373
  },
  "UE": {
    "property": "uniform_elongation",
    "vppm_rmse_mean": 6.726045610332219,
    "vppm_rmse_std": 0.2981407981777459,
    "naive_rmse": 15.002843856811523,
    "reduction": 8.276798246479306,
    "reduction_pct": 55.16819561327042,
    "fold_rmses": [
      7.239506260777512,
      6.5068246540777945,
      6.462583006307554,
      6.533380653797248,
      6.887933476700979
    ],
    "n_samples": 6373
  },
  "TE": {
    "property": "total_elongation",
    "vppm_rmse_mean": 8.160562627655597,
    "vppm_rmse_std": 0.23369852470349262,
    "naive_rmse": 18.518062591552734,
    "reduction": 10.357499963897137,
    "reduction_pct": 55.93187685099331,
    "fold_rmses": [
      8.538545139953182,
      7.9184114532981775,
      7.907150749547235,
      8.20457352498672,
      8.234132270492672
    ],
    "n_samples": 6373
  }
}