{
  "YS": {
    "fold_val_losses": [
      0.09092207658325667,
      0.08681670079628627,
      0.08866132896750306,
      0.08892140089839447,
      0.08984061999491501
    ],
    "fold_epochs": [
      316,
      224,
      730,
      479,
      383
    ]
  },
  "UTS": {
    "fold_val_losses": [
      0.08131309044761353,
      0.08081957433037283,
      0.0797942657504195,
      0.08394498054032065,
      0.0808045096448022
    ],
    "fold_epochs": [
      752,
      323,
      821,
      652,
      511
    ]
  },
  "UE": {
    "fold_val_losses": [
      0.16840651501977344,
      0.15276708188277913,
      0.1568339859243495,
      0.1578691664050106,
      0.1616332359031547
    ],
    "fold_epochs": [
      591,
      766,
      932,
      920,
      653
    ]
  },
  "TE": {
    "fold_val_losses": [
      0.16411896393849298,
      0.15748545726768087,
      0.16647383028459092,
      0.16448281231109335,
      0.16464083680780758
    ],
    "fold_epochs": [
      1141,
      970,
      622,
      682,
      970
    ]
  }
}