{
  "YS": {
    "property": "yield_strength",
    "vppm_rmse_mean": 24.71279525756836,
    "vppm_rmse_std": 0.7487895488739014,
    "naive_rmse": 33.907386779785156,
    "reduction": 9.194591522216797,
    "reduction_pct": 27.11678123474121,
    "fold_rmses": [
      25.631467819213867,
      23.48904037475586,
      25.144229888916016,
      25.015525817871094,
      24.28371238708496
    ],
    "n_samples": 6373
  },
  "UTS": {
    "property": "ultimate_tensile_strength",
    "vppm_rmse_mean": 45.3995361328125,
    "vppm_rmse_std": 2.5322372913360596,
    "naive_rmse": 68.43310546875,
    "reduction": 23.0335693359375,
    "reduction_pct": 33.65851974487305,
    "fold_rmses": [
      48.645790100097656,
      43.58176040649414,
      44.30219650268555,
      48.14598083496094,
      42.32194900512695
    ],
    "n_samples": 6373
  },
  "UE": {
    "property": "uniform_elongation",
    "vppm_rmse_mean": 9.883583068847656,
    "vppm_rmse_std": 0.41149038076400757,
    "naive_rmse": 15.002843856811523,
    "reduction": 5.119260787963867,
    "reduction_pct": 34.1219367980957,
    "fold_rmses": [
      10.36997127532959,
      9.273758888244629,
      10.052209854125977,
      10.184025764465332,
      9.53795051574707
    ],
    "n_samples": 6373
  },
  "TE": {
    "property": "total_elongation",
    "vppm_rmse_mean": 12.1698579788208,
    "vppm_rmse_std": 0.3576662242412567,
    "naive_rmse": 18.518062591552734,
    "reduction": 6.348204612731934,
    "reduction_pct": 34.281150817871094,
    "fold_rmses": [
      12.78635025024414,
      11.852785110473633,
      11.901836395263672,
      12.36236572265625,
      11.945954322814941
    ],
    "n_samples": 6373
  }
}