{
  "YS": {
    "property": "yield_strength",
    "vppm_rmse_mean": 24.133678436279297,
    "vppm_rmse_std": 0.665201723575592,
    "naive_rmse": 33.907386779785156,
    "reduction": 9.77370834350586,
    "reduction_pct": 28.824716567993164,
    "fold_rmses": [
      24.641136169433594,
      22.852495193481445,
      24.65934181213379,
      24.314420700073242,
      24.201005935668945
    ],
    "n_samples": 6373
  },
  "UTS": {
    "property": "ultimate_tensile_strength",
    "vppm_rmse_mean": 43.36142349243164,
    "vppm_rmse_std": 1.3824963569641113,
    "naive_rmse": 68.43310546875,
    "reduction": 25.07168197631836,
    "reduction_pct": 36.63677215576172,
    "fold_rmses": [
      44.318634033203125,
      42.157630920410156,
      43.15575408935547,
      45.46458435058594,
      41.710506439208984
    ],
    "n_samples": 6373
  },
  "UE": {
    "property": "uniform_elongation",
    "vppm_rmse_mean": 9.32422924041748,
    "vppm_rmse_std": 0.39367762207984924,
    "naive_rmse": 15.002843856811523,
    "reduction": 5.678614616394043,
    "reduction_pct": 37.85025405883789,
    "fold_rmses": [
      10.044425010681152,
      8.85731315612793,
      9.222402572631836,
      9.339000701904297,
      9.158003807067871
    ],
    "n_samples": 6373
  },
  "TE": {
    "property": "total_elongation",
    "vppm_rmse_mean": 11.352599143981934,
    "vppm_rmse_std": 0.3236449360847473,
    "naive_rmse": 18.518062591552734,
    "reduction": 7.165463447570801,
    "reduction_pct": 38.6944580078125,
    "fold_rmses": [
      11.784835815429688,
      10.986695289611816,
      10.999696731567383,
      11.632658958435059,
      11.359112739562988
    ],
    "n_samples": 6373
  }
}