{
  "YS": {
    "fold_val_losses": [
      0.09066152305742543,
      0.08737750209401067,
      0.08922663504292122,
      0.0893188173092213,
      0.08841476578974328
    ],
    "fold_epochs": [
      542,
      196,
      688,
      737,
      733
    ]
  },
  "UTS": {
    "fold_val_losses": [
      0.08286667337315311,
      0.07880530136785989,
      0.08203338937920439,
      0.08434893165034156,
      0.078159690607401
    ],
    "fold_epochs": [
      472,
      693,
      693,
      651,
      927
    ]
  },
  "UE": {
    "fold_val_losses": [
      0.16531252201649405,
      0.15479252242991773,
      0.15773679685769004,
      0.1562828279155142,
      0.16244420971564405
    ],
    "fold_epochs": [
      808,
      757,
      800,
      1036,
      700
    ]
  },
  "TE": {
    "fold_val_losses": [
      0.170121934763306,
      0.16876201438332558,
      0.16727460076553372,
      0.16510355425607257,
      0.16794018196191823
    ],
    "fold_epochs": [
      744,
      406,
      739,
      664,
      492
    ]
  }
}