{
  "YS": {
    "fold_val_losses": [
      0.09166894155155132,
      0.08813972396873185,
      0.08869926139901838,
      0.08875671534665994,
      0.08865682520019902
    ],
    "fold_epochs": [
      296,
      312,
      709,
      505,
      647
    ]
  },
  "UTS": {
    "fold_val_losses": [
      0.08342642130060195,
      0.08236795106707528,
      0.08202427446981421,
      0.08243172606375038,
      0.07916338118042983
    ],
    "fold_epochs": [
      540,
      268,
      689,
      908,
      734
    ]
  },
  "UE": {
    "fold_val_losses": [
      0.162263852708925,
      0.15441036465263416,
      0.15757743305365451,
      0.1589138238933407,
      0.1634457794090645
    ],
    "fold_epochs": [
      991,
      750,
      992,
      747,
      481
    ]
  },
  "TE": {
    "fold_val_losses": [
      0.1705375573460479,
      0.1647544793623758,
      0.16643832599593855,
      0.16707273665032968,
      0.16543498140489765
    ],
    "fold_epochs": [
      677,
      700,
      818,
      446,
      894
    ]
  }
}