{
  "YS": {
    "fold_val_losses": [
      0.09457862406863148,
      0.09012672247825139,
      0.09647322333759374,
      0.0952140568528606,
      0.09354130322372929
    ],
    "fold_epochs": [
      392,
      359,
      369,
      480,
      574
    ]
  },
  "UTS": {
    "fold_val_losses": [
      0.08810324490819373,
      0.08609484595145095,
      0.09229780923378891,
      0.09346949292675537,
      0.08717970597161644
    ],
    "fold_epochs": [
      686,
      443,
      450,
      414,
      580
    ]
  },
  "UE": {
    "fold_val_losses": [
      0.17480279995905443,
      0.16341194303303155,
      0.1755471485808333,
      0.17159111883898243,
      0.17459414973569556
    ],
    "fold_epochs": [
      736,
      789,
      628,
      786,
      730
    ]
  },
  "TE": {
    "fold_val_losses": [
      0.1783690478262123,
      0.16975470988169164,
      0.17917610234234074,
      0.17407124627287648,
      0.1803719136830643
    ],
    "fold_epochs": [
      828,
      878,
      817,
      735,
      689
    ]
  }
}