{
  "YS": {
    "fold_val_losses": [
      0.0822422608778573,
      0.07903093406013466,
      0.08731982334307377,
      0.08108790362832927,
      0.08537878626493658
    ],
    "fold_epochs": [
      244,
      240,
      259,
      246,
      236
    ]
  },
  "UTS": {
    "fold_val_losses": [
      0.0664647597811055,
      0.06485430903540529,
      0.06831067888118866,
      0.06645068263306338,
      0.06818986572087343
    ],
    "fold_epochs": [
      268,
      355,
      287,
      333,
      213
    ]
  },
  "UE": {
    "fold_val_losses": [
      0.1316502791869365,
      0.12203292147682616,
      0.12966363092939048,
      0.1252156455351525,
      0.13423932916169576
    ],
    "fold_epochs": [
      336,
      421,
      328,
      308,
      325
    ]
  },
  "TE": {
    "fold_val_losses": [
      0.13988370672681666,
      0.1335148509942964,
      0.13907889965723436,
      0.13573019776274176,
      0.14344272869300112
    ],
    "fold_epochs": [
      201,
      305,
      291,
      304,
      265
    ]
  }
}