{
  "feature_min": [
    47.15843200683594,
    12.25,
    0.0,
    0.06904403120279312,
    0.0,
    0.0,
    0.0,
    0.0,
    0.0,
    0.0,
    45.42031478881836,
    62.56789016723633,
    24.948972702026367,
    0.0,
    27.0,
    41.0,
    24.964738845825195,
    0.0,
    0.0,
    0.0
  ],
  "feature_max": [
    71.0,
    71.75,
    0.863244354724884,
    1.0,
    0.7019999623298645,
    0.27848976850509644,
    0.5532451868057251,
    0.028571853414177895,
    0.8765352368354797,
    0.5182029604911804,
    155.94285583496094,
    99.74462127685547,
    40.06678771972656,
    0.14666181802749634,
    39.0,
    60.0,
    40.04482650756836,
    1.0,
    0.5,
    454.9395446777344
  ],
  "target_min": {
    "yield_strength": 71.24808502197266,
    "ultimate_tensile_strength": 74.71820831298828,
    "uniform_elongation": 0.08429999649524689,
    "total_elongation": 4.067319869995117
  },
  "target_max": {
    "yield_strength": 418.3550109863281,
    "ultimate_tensile_strength": 609.91552734375,
    "uniform_elongation": 69.13323974609375,
    "total_elongation": 94.27532196044922
  }
}