{
  "YS": {
    "property": "yield_strength",
    "vppm_rmse_mean": 25.292600631713867,
    "vppm_rmse_std": 0.9675383567810059,
    "naive_rmse": 33.907386779785156,
    "reduction": 8.614786148071289,
    "reduction_pct": 25.406814575195312,
    "fold_rmses": [
      25.967668533325195,
      23.641651153564453,
      26.28107261657715,
      25.797258377075195,
      24.775352478027344
    ],
    "n_samples": 6373
  },
  "UTS": {
    "property": "ultimate_tensile_strength",
    "vppm_rmse_mean": 46.85439682006836,
    "vppm_rmse_std": 2.0655174255371094,
    "naive_rmse": 68.43310546875,
    "reduction": 21.57870864868164,
    "reduction_pct": 31.53255844116211,
    "fold_rmses": [
      48.763671875,
      45.28142166137695,
      46.499412536621094,
      49.61020278930664,
      44.11729049682617
    ],
    "n_samples": 6373
  },
  "UE": {
    "property": "uniform_elongation",
    "vppm_rmse_mean": 10.17456340789795,
    "vppm_rmse_std": 0.4862038493156433,
    "naive_rmse": 15.002843856811523,
    "reduction": 4.828280448913574,
    "reduction_pct": 32.18243408203125,
    "fold_rmses": [
      10.738395690917969,
      9.681707382202148,
      10.616229057312012,
      10.302096366882324,
      9.534388542175293
    ],
    "n_samples": 6373
  },
  "TE": {
    "property": "total_elongation",
    "vppm_rmse_mean": 12.205842971801758,
    "vppm_rmse_std": 0.3136829137802124,
    "naive_rmse": 18.518062591552734,
    "reduction": 6.312219619750977,
    "reduction_pct": 34.08682632446289,
    "fold_rmses": [
      12.599061012268066,
      11.736159324645996,
      12.397285461425781,
      12.340058326721191,
      11.956648826599121
    ],
    "n_samples": 6373
  }
}