{
  "YS": {
    "property": "yield_strength",
    "vppm_rmse_mean": 26.128490447998047,
    "vppm_rmse_std": 1.0045592784881592,
    "naive_rmse": 33.907386779785156,
    "reduction": 7.778896331787109,
    "reduction_pct": 22.941598892211914,
    "fold_rmses": [
      26.624374389648438,
      24.472902297973633,
      27.504396438598633,
      26.28716278076172,
      25.753618240356445
    ],
    "n_samples": 6373
  },
  "UTS": {
    "property": "ultimate_tensile_strength",
    "vppm_rmse_mean": 49.506195068359375,
    "vppm_rmse_std": 2.463663101196289,
    "naive_rmse": 68.43310546875,
    "reduction": 18.926910400390625,
    "reduction_pct": 27.657535552978516,
    "fold_rmses": [
      49.44611358642578,
      47.22629928588867,
      50.994972229003906,
      53.290950775146484,
      46.572628021240234
    ],
    "n_samples": 6373
  },
  "UE": {
    "property": "uniform_elongation",
    "vppm_rmse_mean": 10.197748184204102,
    "vppm_rmse_std": 0.3259182572364807,
    "naive_rmse": 15.002843856811523,
    "reduction": 4.805095672607422,
    "reduction_pct": 32.02790069580078,
    "fold_rmses": [
      10.411401748657227,
      9.655632972717285,
      10.197992324829102,
      10.624262809753418,
      10.09945297241211
    ],
    "n_samples": 6373
  },
  "TE": {
    "property": "total_elongation",
    "vppm_rmse_mean": 12.333016395568848,
    "vppm_rmse_std": 0.39526891708374023,
    "naive_rmse": 18.518062591552734,
    "reduction": 6.185046195983887,
    "reduction_pct": 33.40007019042969,
    "fold_rmses": [
      12.69033145904541,
      11.57681941986084,
      12.375619888305664,
      12.601702690124512,
      12.420608520507812
    ],
    "n_samples": 6373
  }
}