{
  "YS": {
    "property": "yield_strength",
    "vppm_rmse_mean": 20.116233430722467,
    "vppm_rmse_std": 0.8716349518403094,
    "naive_rmse": 33.907386779785156,
    "reduction": 13.79115334906269,
    "reduction_pct": 40.67300567463569,
    "fold_rmses": [
      19.839170291932128,
      18.70207537374124,
      21.12192359047036,
      19.971279072546423,
      20.94671882492218
    ],
    "n_samples": 6373
  },
  "UTS": {
    "property": "ultimate_tensile_strength",
    "vppm_rmse_mean": 28.268747277654633,
    "vppm_rmse_std": 0.8553603426955632,
    "naive_rmse": 68.43310546875,
    "reduction": 40.16435819109537,
    "reduction_pct": 58.69141538438064,
    "fold_rmses": [
      28.3175541097219,
      26.857842896622778,
      27.98529339825797,
      28.751738172740744,
      29.431307810929752
    ],
    "n_samples": 6373
  },
  "UE": {
    "property": "uniform_elongation",
    "vppm_rmse_mean": 6.485484298553639,
    "vppm_rmse_std": 0.33957831953000706,
    "naive_rmse": 15.002843856811523,
    "reduction": 8.517359558257883,
    "reduction_pct": 56.77163369524018,
    "fold_rmses": [
      6.997469431940454,
      6.013436450614318,
      6.2258652170473825,
      6.60153465223164,
      6.589115740934402
    ],
    "n_samples": 6373
  },
  "TE": {
    "property": "total_elongation",
    "vppm_rmse_mean": 8.188946766104685,
    "vppm_rmse_std": 0.28869585933971587,
    "naive_rmse": 18.518062591552734,
    "reduction": 10.32911582544805,
    "reduction_pct": 55.77859872965229,
    "fold_rmses": [
      8.374982618393618,
      7.76855278198714,
      7.91877620480481,
      8.390618017822229,
      8.491804207515626
    ],
    "n_samples": 6373
  }
}