{
  "YS": {
    "property": "yield_strength",
    "vppm_rmse_mean": 35.15256660183683,
    "vppm_rmse_std": 1.5946369749190308,
    "naive_rmse": 33.907386779785156,
    "reduction": -1.245179822051675,
    "reduction_pct": -3.6722966300488364,
    "fold_rmses": [
      35.77782710645951,
      34.18009233908432,
      37.865673235211084,
      34.75000672416809,
      33.189233604261155
    ],
    "n_samples": 6373
  },
  "UTS": {
    "property": "ultimate_tensile_strength",
    "vppm_rmse_mean": 75.34032813491663,
    "vppm_rmse_std": 2.8423794660856583,
    "naive_rmse": 68.43310546875,
    "reduction": -6.907222666166632,
    "reduction_pct": -10.093393568586212,
    "fold_rmses": [
      76.03841815797584,
      74.5840182796658,
      79.14204381285198,
      76.45825813778134,
      70.47890228630821
    ],
    "n_samples": 6373
  },
  "UE": {
    "property": "uniform_elongation",
    "vppm_rmse_mean": 16.304765592103998,
    "vppm_rmse_std": 0.26384145805736076,
    "naive_rmse": 15.002843856811523,
    "reduction": -1.3019217352924741,
    "reduction_pct": -8.677833000983886,
    "fold_rmses": [
      16.436646728374864,
      16.300099222304276,
      16.72795001914204,
      16.022766346730943,
      16.036365643967862
    ],
    "n_samples": 6373
  },
  "TE": {
    "property": "total_elongation",
    "vppm_rmse_mean": 18.726906548135275,
    "vppm_rmse_std": 0.4456026025922971,
    "naive_rmse": 18.518062591552734,
    "reduction": -0.20884395658254107,
    "reduction_pct": -1.1277851316789915,
    "fold_rmses": [
      18.578878871123713,
      18.913363373891507,
      19.502316592350144,
      18.36301138357961,
      18.27696251973139
    ],
    "n_samples": 6373
  }
}