{
  "YS": {
    "property": "yield_strength",
    "vppm_rmse_mean": 24.159788131713867,
    "vppm_rmse_std": 0.5235974788665771,
    "naive_rmse": 33.907386779785156,
    "reduction": 9.747598648071289,
    "reduction_pct": 28.747713088989258,
    "fold_rmses": [
      24.735149383544922,
      23.21258544921875,
      24.45339012145996,
      24.362119674682617,
      24.03569984436035
    ],
    "n_samples": 6373
  },
  "UTS": {
    "property": "ultimate_tensile_strength",
    "vppm_rmse_mean": 42.82813262939453,
    "vppm_rmse_std": 1.4620625972747803,
    "naive_rmse": 68.43310546875,
    "reduction": 25.60497283935547,
    "reduction_pct": 37.41606140136719,
    "fold_rmses": [
      43.62767791748047,
      42.2763557434082,
      41.32855987548828,
      45.28599548339844,
      41.622066497802734
    ],
    "n_samples": 6373
  },
  "UE": {
    "property": "uniform_elongation",
    "vppm_rmse_mean": 9.355767250061035,
    "vppm_rmse_std": 0.42402681708335876,
    "naive_rmse": 15.002843856811523,
    "reduction": 5.647076606750488,
    "reduction_pct": 37.64004135131836,
    "fold_rmses": [
      9.948549270629883,
      8.727892875671387,
      9.57802677154541,
      9.470104217529297,
      9.0542631149292
    ],
    "n_samples": 6373
  },
  "TE": {
    "property": "total_elongation",
    "vppm_rmse_mean": 11.440882682800293,
    "vppm_rmse_std": 0.25935977697372437,
    "naive_rmse": 18.518062591552734,
    "reduction": 7.077179908752441,
    "reduction_pct": 38.21771240234375,
    "fold_rmses": [
      11.895331382751465,
      11.099939346313477,
      11.394420623779297,
      11.475059509277344,
      11.339666366577148
    ],
    "n_samples": 6373
  }
}