{
  "YS": {
    "property": "yield_strength",
    "vppm_rmse_mean": 24.194873809814453,
    "vppm_rmse_std": 0.6517724990844727,
    "naive_rmse": 33.907386779785156,
    "reduction": 9.712512969970703,
    "reduction_pct": 28.64423942565918,
    "fold_rmses": [
      25.064212799072266,
      23.205852508544922,
      24.741619110107422,
      23.98162841796875,
      23.98105239868164
    ],
    "n_samples": 6373
  },
  "UTS": {
    "property": "ultimate_tensile_strength",
    "vppm_rmse_mean": 42.79863739013672,
    "vppm_rmse_std": 1.6081593036651611,
    "naive_rmse": 68.43310546875,
    "reduction": 25.63446807861328,
    "reduction_pct": 37.459163665771484,
    "fold_rmses": [
      43.9776725769043,
      41.9162483215332,
      42.23356246948242,
      45.21394729614258,
      40.65175247192383
    ],
    "n_samples": 6373
  },
  "UE": {
    "property": "uniform_elongation",
    "vppm_rmse_mean": 9.316047668457031,
    "vppm_rmse_std": 0.3902389109134674,
    "naive_rmse": 15.002843856811523,
    "reduction": 5.686796188354492,
    "reduction_pct": 37.90478515625,
    "fold_rmses": [
      9.94149112701416,
      8.794218063354492,
      9.18008804321289,
      9.530888557434082,
      9.133551597595215
    ],
    "n_samples": 6373
  },
  "TE": {
    "property": "total_elongation",
    "vppm_rmse_mean": 11.373537063598633,
    "vppm_rmse_std": 0.4739294946193695,
    "naive_rmse": 18.518062591552734,
    "reduction": 7.144525527954102,
    "reduction_pct": 38.581390380859375,
    "fold_rmses": [
      12.128053665161133,
      10.706122398376465,
      11.603865623474121,
      11.165450096130371,
      11.264189720153809
    ],
    "n_samples": 6373
  }
}