{
  "YS": {
    "property": "yield_strength",
    "vppm_rmse_mean": 28.60410499572754,
    "vppm_rmse_std": 1.0006309747695923,
    "naive_rmse": 33.907386779785156,
    "reduction": 5.303281784057617,
    "reduction_pct": 15.640491485595703,
    "fold_rmses": [
      28.369455337524414,
      27.4249324798584,
      30.358966827392578,
      28.893535614013672,
      27.973634719848633
    ],
    "n_samples": 6373
  },
  "UTS": {
    "property": "ultimate_tensile_strength",
    "vppm_rmse_mean": 59.878509521484375,
    "vppm_rmse_std": 2.513989210128784,
    "naive_rmse": 68.43310546875,
    "reduction": 8.554595947265625,
    "reduction_pct": 12.500669479370117,
    "fold_rmses": [
      59.0793571472168,
      61.30622100830078,
      61.471553802490234,
      62.22590255737305,
      55.30952072143555
    ],
    "n_samples": 6373
  },
  "UE": {
    "property": "uniform_elongation",
    "vppm_rmse_mean": 13.02868366241455,
    "vppm_rmse_std": 0.41926059126853943,
    "naive_rmse": 15.002843856811523,
    "reduction": 1.9741601943969727,
    "reduction_pct": 13.158573150634766,
    "fold_rmses": [
      12.89634895324707,
      12.512924194335938,
      13.641919136047363,
      13.376801490783691,
      12.715421676635742
    ],
    "n_samples": 6373
  },
  "TE": {
    "property": "total_elongation",
    "vppm_rmse_mean": 15.681360244750977,
    "vppm_rmse_std": 0.17574472725391388,
    "naive_rmse": 18.518062591552734,
    "reduction": 2.836702346801758,
    "reduction_pct": 15.31856918334961,
    "fold_rmses": [
      16.02335548400879,
      15.558319091796875,
      15.613622665405273,
      15.661913871765137,
      15.549585342407227
    ],
    "n_samples": 6373
  }
}