{
  "YS": {
    "property": "yield_strength",
    "vppm_rmse_mean": 20.081681887920105,
    "vppm_rmse_std": 0.8798585794678965,
    "naive_rmse": 33.907386779785156,
    "reduction": 13.825704891865051,
    "reduction_pct": 40.77490542593992,
    "fold_rmses": [
      19.904806783895538,
      18.580584334992665,
      20.870044036869675,
      19.99312111956084,
      21.05985316428182
    ],
    "n_samples": 6373
  },
  "UTS": {
    "property": "ultimate_tensile_strength",
    "vppm_rmse_mean": 28.544334059425683,
    "vppm_rmse_std": 0.8145330432597989,
    "naive_rmse": 68.43310546875,
    "reduction": 39.88877140932432,
    "reduction_pct": 58.28870564341047,
    "fold_rmses": [
      29.071028789065522,
      27.377068012225415,
      27.7929833553928,
      28.97182561936758,
      29.508764521077097
    ],
    "n_samples": 6373
  },
  "UE": {
    "property": "uniform_elongation",
    "vppm_rmse_mean": 6.481876124149747,
    "vppm_rmse_std": 0.401210555011425,
    "naive_rmse": 15.002843856811523,
    "reduction": 8.520967732661777,
    "reduction_pct": 56.79568363162778,
    "fold_rmses": [
      7.098385964121795,
      6.063849845208976,
      6.028840139124593,
      6.687826101110489,
      6.530478571182885
    ],
    "n_samples": 6373
  },
  "TE": {
    "property": "total_elongation",
    "vppm_rmse_mean": 8.129503068071074,
    "vppm_rmse_std": 0.38157859810419104,
    "naive_rmse": 18.518062591552734,
    "reduction": 10.38855952348166,
    "reduction_pct": 56.09960260216715,
    "fold_rmses": [
      8.683056913771289,
      7.84277707607501,
      7.647457272488025,
      8.441867927555379,
      8.03235615046567
    ],
    "n_samples": 6373
  }
}