{
  "YS": {
    "fold_val_losses": [
      0.09058102652502412,
      0.08589725190084065,
      0.0897768988563369,
      0.08817557743241806,
      0.08902754384362987
    ],
    "fold_epochs": [
      442,
      533,
      447,
      779,
      542
    ]
  },
  "UTS": {
    "fold_val_losses": [
      0.08372619432331221,
      0.08046396663819506,
      0.08025821668569404,
      0.08579562505816712,
      0.08171153522904197
    ],
    "fold_epochs": [
      481,
      702,
      944,
      763,
      600
    ]
  },
  "UE": {
    "fold_val_losses": [
      0.1718202995622966,
      0.16215251933090807,
      0.16526926390666205,
      0.15696412766305337,
      0.16447653966845224
    ],
    "fold_epochs": [
      589,
      518,
      720,
      1013,
      536
    ]
  },
  "TE": {
    "fold_val_losses": [
      0.1698278292169968,
      0.16322427570600143,
      0.17063144952747192,
      0.16797039053645454,
      0.17175162696823154
    ],
    "fold_epochs": [
      786,
      846,
      549,
      556,
      670
    ]
  }
}