{
  "YS": {
    "fold_val_losses": [
      0.09778395357184012,
      0.09805346439235019,
      0.10383732973090587,
      0.09945082302917452,
      0.09752719435426924
    ],
    "fold_epochs": [
      493,
      288,
      513,
      642,
      602
    ]
  },
  "UTS": {
    "fold_val_losses": [
      0.09913491095574897,
      0.10390921160500259,
      0.1067257604626767,
      0.10155455178792487,
      0.09483336915153806
    ],
    "fold_epochs": [
      379,
      238,
      634,
      566,
      1066
    ]
  },
  "UE": {
    "fold_val_losses": [
      0.2043084541676643,
      0.19622428131423666,
      0.22100810807555055,
      0.20158935795311167,
      0.19677352368603265
    ],
    "fold_epochs": [
      802,
      1304,
      339,
      450,
      1154
    ]
  },
  "TE": {
    "fold_val_losses": [
      0.22291608416934278,
      0.21687607205089862,
      0.21689288685948638,
      0.20969248869839838,
      0.21451932960695386
    ],
    "fold_epochs": [
      297,
      1052,
      1137,
      576,
      954
    ]
  }
}