{
  "YS": {
    "fold_val_losses": [
      0.0919898378668203,
      0.08759452490280213,
      0.08897158225851803,
      0.08919653005334509,
      0.09024467831180166
    ],
    "fold_epochs": [
      248,
      272,
      677,
      484,
      352
    ]
  },
  "UTS": {
    "fold_val_losses": [
      0.08050649284684709,
      0.08007463046975861,
      0.08252162828581258,
      0.08249939636116017,
      0.08088069795458405
    ],
    "fold_epochs": [
      961,
      574,
      583,
      771,
      576
    ]
  },
  "UE": {
    "fold_val_losses": [
      0.16477336642796026,
      0.16237321424603526,
      0.1610699372727191,
      0.158316245271253,
      0.16008983994923331
    ],
    "fold_epochs": [
      745,
      424,
      902,
      827,
      743
    ]
  },
  "TE": {
    "fold_val_losses": [
      0.16885468788212343,
      0.16139524269568536,
      0.16987616800655492,
      0.16080425876904936,
      0.16460653266002392
    ],
    "fold_epochs": [
      606,
      739,
      595,
      912,
      757
    ]
  }
}