{
  "YS": {
    "property": "yield_strength",
    "vppm_rmse_mean": 24.240842819213867,
    "vppm_rmse_std": 0.7721519470214844,
    "naive_rmse": 33.907386779785156,
    "reduction": 9.666543960571289,
    "reduction_pct": 28.5086669921875,
    "fold_rmses": [
      24.826705932617188,
      22.85079002380371,
      25.060649871826172,
      24.362274169921875,
      24.103797912597656
    ],
    "n_samples": 6373
  },
  "UTS": {
    "property": "ultimate_tensile_strength",
    "vppm_rmse_mean": 43.061317443847656,
    "vppm_rmse_std": 1.6111090183258057,
    "naive_rmse": 68.43310546875,
    "reduction": 25.371788024902344,
    "reduction_pct": 37.075313568115234,
    "fold_rmses": [
      44.78386306762695,
      41.242008209228516,
      43.034114837646484,
      44.95263671875,
      41.29397964477539
    ],
    "n_samples": 6373
  },
  "UE": {
    "property": "uniform_elongation",
    "vppm_rmse_mean": 9.19545841217041,
    "vppm_rmse_std": 0.35759976506233215,
    "naive_rmse": 15.002843856811523,
    "reduction": 5.807385444641113,
    "reduction_pct": 38.70856475830078,
    "fold_rmses": [
      9.750988006591797,
      8.835831642150879,
      8.84561538696289,
      9.455737113952637,
      9.089118003845215
    ],
    "n_samples": 6373
  },
  "TE": {
    "property": "total_elongation",
    "vppm_rmse_mean": 11.13866901397705,
    "vppm_rmse_std": 0.37648338079452515,
    "naive_rmse": 18.518062591552734,
    "reduction": 7.379393577575684,
    "reduction_pct": 39.849708557128906,
    "fold_rmses": [
      11.591978073120117,
      10.66601276397705,
      10.717247009277344,
      11.40941047668457,
      11.308692932128906
    ],
    "n_samples": 6373
  }
}