{
  "YS": {
    "property": "yield_strength",
    "vppm_rmse_mean": 20.930685827013004,
    "vppm_rmse_std": 0.9810383821857599,
    "naive_rmse": 33.907386779785156,
    "reduction": 12.976700952772152,
    "reduction_pct": 38.271014623010046,
    "fold_rmses": [
      20.49872418866868,
      19.72583937613996,
      22.020166684475992,
      20.24591748877516,
      22.162781397005233
    ],
    "n_samples": 6373
  },
  "UTS": {
    "property": "ultimate_tensile_strength",
    "vppm_rmse_mean": 29.823085222401154,
    "vppm_rmse_std": 1.487169631245062,
    "naive_rmse": 68.43310546875,
    "reduction": 38.610020246348846,
    "reduction_pct": 56.42009080529032,
    "fold_rmses": [
      28.54366779119317,
      28.519577434021148,
      28.918141775015688,
      30.926398965815928,
      32.20764014595982
    ],
    "n_samples": 6373
  },
  "UE": {
    "property": "uniform_elongation",
    "vppm_rmse_mean": 6.787916756418925,
    "vppm_rmse_std": 0.2719380761542338,
    "naive_rmse": 15.002843856811523,
    "reduction": 8.214927100392599,
    "reduction_pct": 54.75579949239353,
    "fold_rmses": [
      7.204231507822607,
      6.6502344706785435,
      6.377176986542033,
      6.858654092839939,
      6.849286724211503
    ],
    "n_samples": 6373
  },
  "TE": {
    "property": "total_elongation",
    "vppm_rmse_mean": 8.454370363736857,
    "vppm_rmse_std": 0.28670494003441593,
    "naive_rmse": 18.518062591552734,
    "reduction": 10.063692227815878,
    "reduction_pct": 54.34527601395281,
    "fold_rmses": [
      8.841340544640373,
      8.256223128394053,
      8.11493067482243,
      8.748114494069013,
      8.311242976758415
    ],
    "n_samples": 6373
  }
}