{
  "YS": {
    "property": "yield_strength",
    "vppm_rmse_mean": 24.56063461303711,
    "vppm_rmse_std": 0.802827000617981,
    "naive_rmse": 33.907386779785156,
    "reduction": 9.346752166748047,
    "reduction_pct": 27.565532684326172,
    "fold_rmses": [
      25.451894760131836,
      23.36690330505371,
      25.185773849487305,
      24.92867088317871,
      23.86993408203125
    ],
    "n_samples": 6373
  },
  "UTS": {
    "property": "ultimate_tensile_strength",
    "vppm_rmse_mean": 44.42560958862305,
    "vppm_rmse_std": 1.534801959991455,
    "naive_rmse": 68.43310546875,
    "reduction": 24.007495880126953,
    "reduction_pct": 35.08169937133789,
    "fold_rmses": [
      45.82848358154297,
      43.457767486572266,
      43.85624694824219,
      46.55918502807617,
      42.426361083984375
    ],
    "n_samples": 6373
  },
  "UE": {
    "property": "uniform_elongation",
    "vppm_rmse_mean": 9.572027206420898,
    "vppm_rmse_std": 0.33510318398475647,
    "naive_rmse": 15.002843856811523,
    "reduction": 5.430816650390625,
    "reduction_pct": 36.19858169555664,
    "fold_rmses": [
      9.980340003967285,
      9.187521934509277,
      9.63609790802002,
      9.873733520507812,
      9.182443618774414
    ],
    "n_samples": 6373
  },
  "TE": {
    "property": "total_elongation",
    "vppm_rmse_mean": 11.517843246459961,
    "vppm_rmse_std": 0.3226235806941986,
    "naive_rmse": 18.518062591552734,
    "reduction": 7.000219345092773,
    "reduction_pct": 37.80211639404297,
    "fold_rmses": [
      11.93175983428955,
      11.029298782348633,
      11.522007942199707,
      11.78537654876709,
      11.320775032043457
    ],
    "n_samples": 6373
  }
}