{
  "YS": {
    "property": "yield_strength",
    "vppm_rmse_mean": 24.004962921142578,
    "vppm_rmse_std": 0.5959181189537048,
    "naive_rmse": 33.907386779785156,
    "reduction": 9.902423858642578,
    "reduction_pct": 29.204326629638672,
    "fold_rmses": [
      24.258132934570312,
      22.96525001525879,
      24.734182357788086,
      24.253955841064453,
      23.813297271728516
    ],
    "n_samples": 6373
  },
  "UTS": {
    "property": "ultimate_tensile_strength",
    "vppm_rmse_mean": 43.08963394165039,
    "vppm_rmse_std": 1.1216108798980713,
    "naive_rmse": 68.43310546875,
    "reduction": 25.34347152709961,
    "reduction_pct": 37.033931732177734,
    "fold_rmses": [
      44.63592529296875,
      41.79256820678711,
      42.704769134521484,
      44.17217254638672,
      42.14271926879883
    ],
    "n_samples": 6373
  },
  "UE": {
    "property": "uniform_elongation",
    "vppm_rmse_mean": 9.353826522827148,
    "vppm_rmse_std": 0.4064151346683502,
    "naive_rmse": 15.002843856811523,
    "reduction": 5.649017333984375,
    "reduction_pct": 37.652976989746094,
    "fold_rmses": [
      9.870833396911621,
      8.885890007019043,
      9.350700378417969,
      9.742279052734375,
      8.919429779052734
    ],
    "n_samples": 6373
  },
  "TE": {
    "property": "total_elongation",
    "vppm_rmse_mean": 11.378193855285645,
    "vppm_rmse_std": 0.3074266314506531,
    "naive_rmse": 18.518062591552734,
    "reduction": 7.13986873626709,
    "reduction_pct": 38.55624008178711,
    "fold_rmses": [
      11.654420852661133,
      10.796799659729004,
      11.394033432006836,
      11.612661361694336,
      11.433050155639648
    ],
    "n_samples": 6373
  }
}