{
  "YS": {
    "property": "yield_strength",
    "vppm_rmse_mean": 24.1112060546875,
    "vppm_rmse_std": 0.7488189935684204,
    "naive_rmse": 33.907386779785156,
    "reduction": 9.796180725097656,
    "reduction_pct": 28.890995025634766,
    "fold_rmses": [
      24.892284393310547,
      22.777141571044922,
      24.745162963867188,
      24.13651466369629,
      24.004924774169922
    ],
    "n_samples": 6373
  },
  "UTS": {
    "property": "ultimate_tensile_strength",
    "vppm_rmse_mean": 43.36834716796875,
    "vppm_rmse_std": 1.7190295457839966,
    "naive_rmse": 68.43310546875,
    "reduction": 25.06475830078125,
    "reduction_pct": 36.62665557861328,
    "fold_rmses": [
      45.42706298828125,
      41.52169418334961,
      42.345252990722656,
      45.469635009765625,
      42.07809829711914
    ],
    "n_samples": 6373
  },
  "UE": {
    "property": "uniform_elongation",
    "vppm_rmse_mean": 9.182596206665039,
    "vppm_rmse_std": 0.3997606933116913,
    "naive_rmse": 15.002843856811523,
    "reduction": 5.820247650146484,
    "reduction_pct": 38.79429626464844,
    "fold_rmses": [
      9.89419937133789,
      8.86940860748291,
      8.801212310791016,
      9.330570220947266,
      9.01758861541748
    ],
    "n_samples": 6373
  },
  "TE": {
    "property": "total_elongation",
    "vppm_rmse_mean": 11.478367805480957,
    "vppm_rmse_std": 0.5139449238777161,
    "naive_rmse": 18.518062591552734,
    "reduction": 7.039694786071777,
    "reduction_pct": 38.015289306640625,
    "fold_rmses": [
      12.42933177947998,
      11.057632446289062,
      10.990135192871094,
      11.464193344116211,
      11.450544357299805
    ],
    "n_samples": 6373
  }
}