{
  "YS": {
    "property": "yield_strength",
    "vppm_rmse_mean": 24.411048889160156,
    "vppm_rmse_std": 0.7482894062995911,
    "naive_rmse": 33.907386779785156,
    "reduction": 9.496337890625,
    "reduction_pct": 28.00669288635254,
    "fold_rmses": [
      25.208833694458008,
      23.11056137084961,
      25.08649253845215,
      24.30452537536621,
      24.34482765197754
    ],
    "n_samples": 6373
  },
  "UTS": {
    "property": "ultimate_tensile_strength",
    "vppm_rmse_mean": 44.00251388549805,
    "vppm_rmse_std": 1.628012776374817,
    "naive_rmse": 68.43310546875,
    "reduction": 24.430591583251953,
    "reduction_pct": 35.69995880126953,
    "fold_rmses": [
      46.4985466003418,
      42.34368133544922,
      43.94233703613281,
      45.02197265625,
      42.2060432434082
    ],
    "n_samples": 6373
  },
  "UE": {
    "property": "uniform_elongation",
    "vppm_rmse_mean": 9.235074996948242,
    "vppm_rmse_std": 0.45134758949279785,
    "naive_rmse": 15.002843856811523,
    "reduction": 5.767768859863281,
    "reduction_pct": 38.44450378417969,
    "fold_rmses": [
      9.958498001098633,
      8.780555725097656,
      8.82032299041748,
      9.53820514678955,
      9.07779312133789
    ],
    "n_samples": 6373
  },
  "TE": {
    "property": "total_elongation",
    "vppm_rmse_mean": 11.379465103149414,
    "vppm_rmse_std": 0.39592230319976807,
    "naive_rmse": 18.518062591552734,
    "reduction": 7.13859748840332,
    "reduction_pct": 38.54937744140625,
    "fold_rmses": [
      11.983935356140137,
      11.034451484680176,
      10.868707656860352,
      11.563872337341309,
      11.446356773376465
    ],
    "n_samples": 6373
  }
}