{
  "YS": {
    "property": "yield_strength",
    "vppm_rmse_mean": 24.20652198791504,
    "vppm_rmse_std": 0.5800621509552002,
    "naive_rmse": 33.907386779785156,
    "reduction": 9.700864791870117,
    "reduction_pct": 28.609886169433594,
    "fold_rmses": [
      24.917213439941406,
      23.364986419677734,
      24.65422248840332,
      24.378597259521484,
      23.717594146728516
    ],
    "n_samples": 6373
  },
  "UTS": {
    "property": "ultimate_tensile_strength",
    "vppm_rmse_mean": 42.946006774902344,
    "vppm_rmse_std": 2.166562795639038,
    "naive_rmse": 68.43310546875,
    "reduction": 25.487098693847656,
    "reduction_pct": 37.243812561035156,
    "fold_rmses": [
      45.47806930541992,
      40.89168930053711,
      42.64818572998047,
      45.37929153442383,
      40.332801818847656
    ],
    "n_samples": 6373
  },
  "UE": {
    "property": "uniform_elongation",
    "vppm_rmse_mean": 9.221461296081543,
    "vppm_rmse_std": 0.3891773819923401,
    "naive_rmse": 15.002843856811523,
    "reduction": 5.7813825607299805,
    "reduction_pct": 38.53524398803711,
    "fold_rmses": [
      9.863041877746582,
      8.735674858093262,
      8.94722843170166,
      9.397863388061523,
      9.163497924804688
    ],
    "n_samples": 6373
  },
  "TE": {
    "property": "total_elongation",
    "vppm_rmse_mean": 11.508378982543945,
    "vppm_rmse_std": 0.3323427438735962,
    "naive_rmse": 18.518062591552734,
    "reduction": 7.009683609008789,
    "reduction_pct": 37.85322189331055,
    "fold_rmses": [
      12.042140007019043,
      11.116700172424316,
      11.238597869873047,
      11.700700759887695,
      11.443758010864258
    ],
    "n_samples": 6373
  }
}