{
  "YS": {
    "fold_val_losses": [
      0.08313171777568755,
      0.07848212415996886,
      0.08101835342976386,
      0.0809702879960547,
      0.08338776840751046
    ],
    "fold_epochs": [
      330,
      357,
      483,
      447,
      316
    ]
  },
  "UTS": {
    "fold_val_losses": [
      0.06863032410587566,
      0.06360713161994998,
      0.06407027470289717,
      0.06240665209831811,
      0.06345589107347327
    ],
    "fold_epochs": [
      296,
      544,
      368,
      429,
      530
    ]
  },
  "UE": {
    "fold_val_losses": [
      0.13907271631177412,
      0.12397097694585046,
      0.12336641318019012,
      0.12077971483666856,
      0.1311386345694196
    ],
    "fold_epochs": [
      256,
      253,
      240,
      558,
      346
    ]
  },
  "TE": {
    "fold_val_losses": [
      0.13681972810280266,
      0.13246252630621963,
      0.14571858388307712,
      0.13479309602632744,
      0.15099090897260498
    ],
    "fold_epochs": [
      270,
      505,
      423,
      226,
      127
    ]
  }
}