{
  "YS": {
    "property": "yield_strength",
    "vppm_rmse_mean": 24.154705047607422,
    "vppm_rmse_std": 0.7104634046554565,
    "naive_rmse": 33.907386779785156,
    "reduction": 9.752681732177734,
    "reduction_pct": 28.762704849243164,
    "fold_rmses": [
      25.229318618774414,
      23.06875228881836,
      24.4295711517334,
      24.222232818603516,
      23.823657989501953
    ],
    "n_samples": 6373
  },
  "UTS": {
    "property": "ultimate_tensile_strength",
    "vppm_rmse_mean": 43.12328338623047,
    "vppm_rmse_std": 1.5068416595458984,
    "naive_rmse": 68.43310546875,
    "reduction": 25.30982208251953,
    "reduction_pct": 36.984764099121094,
    "fold_rmses": [
      45.00189208984375,
      42.507225036621094,
      42.2420539855957,
      44.748512268066406,
      41.116737365722656
    ],
    "n_samples": 6373
  },
  "UE": {
    "property": "uniform_elongation",
    "vppm_rmse_mean": 9.240291595458984,
    "vppm_rmse_std": 0.36557430028915405,
    "naive_rmse": 15.002843856811523,
    "reduction": 5.762552261352539,
    "reduction_pct": 38.409732818603516,
    "fold_rmses": [
      9.75780200958252,
      8.903719902038574,
      8.777478218078613,
      9.510074615478516,
      9.252384185791016
    ],
    "n_samples": 6373
  },
  "TE": {
    "property": "total_elongation",
    "vppm_rmse_mean": 11.434911727905273,
    "vppm_rmse_std": 0.42384734749794006,
    "naive_rmse": 18.518062591552734,
    "reduction": 7.083150863647461,
    "reduction_pct": 38.24995803833008,
    "fold_rmses": [
      12.076595306396484,
      10.82463264465332,
      11.2564058303833,
      11.697342872619629,
      11.319585800170898
    ],
    "n_samples": 6373
  }
}