{
  "YS": {
    "fold_val_losses": [
      0.09020469437383341,
      0.08659023988311262,
      0.08976511382457965,
      0.09042424007373698,
      0.08975032001429287
    ],
    "fold_epochs": [
      506,
      456,
      660,
      366,
      370
    ]
  },
  "UTS": {
    "fold_val_losses": [
      0.08117961472145764,
      0.08065144710631167,
      0.08288421086404282,
      0.08421596726637427,
      0.08042856294894889
    ],
    "fold_epochs": [
      795,
      451,
      671,
      626,
      605
    ]
  },
  "UE": {
    "fold_val_losses": [
      0.16653981915310756,
      0.15638988940981954,
      0.1637710291141044,
      0.15616297172460736,
      0.15996998683626776
    ],
    "fold_epochs": [
      636,
      693,
      613,
      990,
      613
    ]
  },
  "TE": {
    "fold_val_losses": [
      0.16801863163142194,
      0.16660941182280165,
      0.1630840947759204,
      0.1643067328494136,
      0.16575953099843338
    ],
    "fold_epochs": [
      675,
      554,
      800,
      663,
      552
    ]
  }
}