{
  "YS": {
    "fold_val_losses": [
      0.09278544166777213,
      0.09692126195122532,
      0.0951914274221484,
      0.09315272066898707,
      0.09230825339240589
    ],
    "fold_epochs": [
      662,
      194,
      1002,
      762,
      779
    ]
  },
  "UTS": {
    "fold_val_losses": [
      0.08848749892277807,
      0.09289053203111387,
      0.0946910241558324,
      0.09364922899565026,
      0.09233692098565942
    ],
    "fold_epochs": [
      996,
      756,
      1009,
      894,
      646
    ]
  },
  "UE": {
    "fold_val_losses": [
      0.18492824310547024,
      0.18015120689683115,
      0.1847106886859872,
      0.17855933773480043,
      0.18159000285321877
    ],
    "fold_epochs": [
      891,
      1027,
      1155,
      683,
      949
    ]
  },
  "TE": {
    "fold_val_losses": [
      0.1828438023809371,
      0.18591270520851574,
      0.1913550474018423,
      0.18213512246035227,
      0.18386563611137152
    ],
    "fold_epochs": [
      1036,
      774,
      666,
      657,
      964
    ]
  }
}