{
  "YS": {
    "fold_val_losses": [
      0.09075199247662505,
      0.08661328895255853,
      0.0902389076420186,
      0.08798124204475839,
      0.08957291876904352
    ],
    "fold_epochs": [
      394,
      485,
      532,
      537,
      445
    ]
  },
  "UTS": {
    "fold_val_losses": [
      0.08077782340864144,
      0.07958089331338568,
      0.08224171289365353,
      0.08319999157067608,
      0.08112942807062376
    ],
    "fold_epochs": [
      806,
      505,
      658,
      639,
      514
    ]
  },
  "UE": {
    "fold_val_losses": [
      0.1622457189339313,
      0.15576066784541062,
      0.15960759838741845,
      0.15909417818824784,
      0.1589151203613324
    ],
    "fold_epochs": [
      950,
      516,
      818,
      803,
      996
    ]
  },
  "TE": {
    "fold_val_losses": [
      0.16564158333773296,
      0.1608597483601678,
      0.16048715420042173,
      0.1643908047312949,
      0.16327289117935517
    ],
    "fold_epochs": [
      879,
      644,
      1105,
      773,
      907
    ]
  }
}