{
  "YS": {
    "property": "yield_strength",
    "vppm_rmse_mean": 24.744525909423828,
    "vppm_rmse_std": 0.6470929384231567,
    "naive_rmse": 33.907386779785156,
    "reduction": 9.162860870361328,
    "reduction_pct": 27.0231990814209,
    "fold_rmses": [
      25.24220085144043,
      23.707162857055664,
      25.553264617919922,
      24.809494018554688,
      24.410512924194336
    ],
    "n_samples": 6373
  },
  "UTS": {
    "property": "ultimate_tensile_strength",
    "vppm_rmse_mean": 45.455196380615234,
    "vppm_rmse_std": 1.239212155342102,
    "naive_rmse": 68.43310546875,
    "reduction": 22.977909088134766,
    "reduction_pct": 33.57718276977539,
    "fold_rmses": [
      46.521297454833984,
      45.1376838684082,
      45.014678955078125,
      47.06174850463867,
      43.54057312011719
    ],
    "n_samples": 6373
  },
  "UE": {
    "property": "uniform_elongation",
    "vppm_rmse_mean": 9.846406936645508,
    "vppm_rmse_std": 0.3458113968372345,
    "naive_rmse": 15.002843856811523,
    "reduction": 5.156436920166016,
    "reduction_pct": 34.36973190307617,
    "fold_rmses": [
      10.296407699584961,
      9.441908836364746,
      9.841236114501953,
      10.166069984436035,
      9.486411094665527
    ],
    "n_samples": 6373
  },
  "TE": {
    "property": "total_elongation",
    "vppm_rmse_mean": 11.913538932800293,
    "vppm_rmse_std": 0.3526400625705719,
    "naive_rmse": 18.518062591552734,
    "reduction": 6.604523658752441,
    "reduction_pct": 35.665306091308594,
    "fold_rmses": [
      12.26867389678955,
      11.370701789855957,
      12.098852157592773,
      12.203385353088379,
      11.626084327697754
    ],
    "n_samples": 6373
  }
}