{
  "YS": {
    "fold_val_losses": [
      0.09407847449580677,
      0.08957582232731151,
      0.0960063247956179,
      0.09329830927132558,
      0.09268020559697011
    ],
    "fold_epochs": [
      493,
      423,
      550,
      465,
      533
    ]
  },
  "UTS": {
    "fold_val_losses": [
      0.0883510122531999,
      0.08460374807388674,
      0.08992159227670678,
      0.087950339501708,
      0.08513088551936326
    ],
    "fold_epochs": [
      616,
      887,
      645,
      692,
      569
    ]
  },
  "UE": {
    "fold_val_losses": [
      0.17817248478929051,
      0.16551128663848488,
      0.18011125842920997,
      0.16685485210614043,
      0.16977511220736521
    ],
    "fold_epochs": [
      709,
      789,
      481,
      998,
      914
    ]
  },
  "TE": {
    "fold_val_losses": [
      0.18041813864974873,
      0.17182328634791905,
      0.17959057752216076,
      0.1725035691712083,
      0.1762589044003042
    ],
    "fold_epochs": [
      707,
      710,
      657,
      1189,
      774
    ]
  }
}