{
  "YS": {
    "property": "yield_strength",
    "vppm_rmse_mean": 24.320520401000977,
    "vppm_rmse_std": 0.7174807190895081,
    "naive_rmse": 33.907386779785156,
    "reduction": 9.58686637878418,
    "reduction_pct": 28.273681640625,
    "fold_rmses": [
      25.039716720581055,
      23.134037017822266,
      25.037750244140625,
      24.422761917114258,
      23.968334197998047
    ],
    "n_samples": 6373
  },
  "UTS": {
    "property": "ultimate_tensile_strength",
    "vppm_rmse_mean": 43.423248291015625,
    "vppm_rmse_std": 1.4927724599838257,
    "naive_rmse": 68.43310546875,
    "reduction": 25.009857177734375,
    "reduction_pct": 36.54642868041992,
    "fold_rmses": [
      45.0606575012207,
      42.33137512207031,
      42.891056060791016,
      45.28543472290039,
      41.547725677490234
    ],
    "n_samples": 6373
  },
  "UE": {
    "property": "uniform_elongation",
    "vppm_rmse_mean": 9.43910026550293,
    "vppm_rmse_std": 0.38426434993743896,
    "naive_rmse": 15.002843856811523,
    "reduction": 5.563743591308594,
    "reduction_pct": 37.0845947265625,
    "fold_rmses": [
      10.150246620178223,
      9.06885814666748,
      9.144585609436035,
      9.4778413772583,
      9.353968620300293
    ],
    "n_samples": 6373
  },
  "TE": {
    "property": "total_elongation",
    "vppm_rmse_mean": 11.281785011291504,
    "vppm_rmse_std": 0.47927749156951904,
    "naive_rmse": 18.518062591552734,
    "reduction": 7.2362775802612305,
    "reduction_pct": 39.07686233520508,
    "fold_rmses": [
      11.96071720123291,
      10.460022926330566,
      11.306914329528809,
      11.389289855957031,
      11.291979789733887
    ],
    "n_samples": 6373
  }
}