{
  "YS": {
    "fold_val_losses": [
      0.0787730995876803,
      0.07717563200932293,
      0.08142531090414806,
      0.07848431564429227,
      0.08454285185798374
    ],
    "fold_epochs": [
      224,
      168,
      140,
      222,
      193
    ]
  },
  "UTS": {
    "fold_val_losses": [
      0.05952827127399285,
      0.060621794315154076,
      0.06141376322294377,
      0.0640353996838842,
      0.06477716552381467
    ],
    "fold_epochs": [
      195,
      243,
      243,
      143,
      302
    ]
  },
  "UE": {
    "fold_val_losses": [
      0.12361077804853239,
      0.11303983736251642,
      0.11735260483122108,
      0.11546649176533483,
      0.11879578344856946
    ],
    "fold_epochs": [
      134,
      255,
      308,
      227,
      325
    ]
  },
  "TE": {
    "fold_val_losses": [
      0.12601799150542517,
      0.12257636974851605,
      0.12551215642184801,
      0.12297580516388436,
      0.12436486986367029
    ],
    "fold_epochs": [
      229,
      215,
      251,
      199,
      292
    ]
  }
}