{
  "YS": {
    "property": "yield_strength",
    "vppm_rmse_mean": 21.63539134067104,
    "vppm_rmse_std": 0.7569476891097762,
    "naive_rmse": 33.907386779785156,
    "reduction": 12.271995439114118,
    "reduction_pct": 36.1926901616329,
    "fold_rmses": [
      21.650533274134787,
      20.411232216017723,
      21.931605257058592,
      21.435398818242795,
      22.748187137901283
    ],
    "n_samples": 6373
  },
  "UTS": {
    "property": "ultimate_tensile_strength",
    "vppm_rmse_mean": 31.259249249021185,
    "vppm_rmse_std": 1.440294855164212,
    "naive_rmse": 68.43310546875,
    "reduction": 37.17385621972882,
    "reduction_pct": 54.32145153299272,
    "fold_rmses": [
      33.76570056899234,
      30.512774956150814,
      29.636656086592126,
      30.52329480242896,
      31.857819830941683
    ],
    "n_samples": 6373
  },
  "UE": {
    "property": "uniform_elongation",
    "vppm_rmse_mean": 7.059747598609124,
    "vppm_rmse_std": 0.4763319989297997,
    "naive_rmse": 15.002843856811523,
    "reduction": 7.9430962582024,
    "reduction_pct": 52.94393738955105,
    "fold_rmses": [
      7.84030444254302,
      6.865112412554507,
      6.433281191976625,
      6.863194090311446,
      7.29684585566002
    ],
    "n_samples": 6373
  },
  "TE": {
    "property": "total_elongation",
    "vppm_rmse_mean": 9.157348839940642,
    "vppm_rmse_std": 0.32350378494622284,
    "naive_rmse": 18.518062591552734,
    "reduction": 9.360713751612092,
    "reduction_pct": 50.54909878035572,
    "fold_rmses": [
      9.251591620300792,
      8.713384191013697,
      9.237710315447464,
      8.921521475275535,
      9.662536597665728
    ],
    "n_samples": 6373
  }
}