{
  "YS": {
    "B1.1": {
      "rmse": 10.567213164903821,
      "n_samples": 502
    },
    "B1.2": {
      "rmse": 25.972288037688173,
      "n_samples": 2700
    },
    "B1.3": {
      "rmse": 21.121251393582277,
      "n_samples": 893
    },
    "B1.4": {
      "rmse": 19.098448097974437,
      "n_samples": 694
    },
    "B1.5": {
      "rmse": 17.00178355742688,
      "n_samples": 1584
    }
  },
  "UTS": {
    "B1.1": {
      "rmse": 11.045475323358927,
      "n_samples": 502
    },
    "B1.2": {
      "rmse": 40.20979477486031,
      "n_samples": 2700
    },
    "B1.3": {
      "rmse": 22.54997060556115,
      "n_samples": 893
    },
    "B1.4": {
      "rmse": 24.257812049358957,
      "n_samples": 694
    },
    "B1.5": {
      "rmse": 24.50778149285453,
      "n_samples": 1584
    }
  },
  "UE": {
    "B1.1": {
      "rmse": 5.109945071207603,
      "n_samples": 502
    },
    "B1.2": {
      "rmse": 7.564480933159367,
      "n_samples": 2700
    },
    "B1.3": {
      "rmse": 4.907823021286812,
      "n_samples": 893
    },
    "B1.4": {
      "rmse": 7.698584295201377,
      "n_samples": 694
    },
    "B1.5": {
      "rmse": 7.4885875519945415,
      "n_samples": 1584
    }
  },
  "TE": {
    "B1.1": {
      "rmse": 9.065178515848908,
      "n_samples": 502
    },
    "B1.2": {
      "rmse": 9.584992289673082,
      "n_samples": 2700
    },
    "B1.3": {
      "rmse": 6.3843964576438434,
      "n_samples": 893
    },
    "B1.4": {
      "rmse": 9.219361593603177,
      "n_samples": 694
    },
    "B1.5": {
      "rmse": 9.743825246539393,
      "n_samples": 1584
    }
  }
}