{
  "YS": {
    "fold_val_losses": [
      0.11390721904623173,
      0.11250253091554004,
      0.12029303309246375,
      0.11684766918921671,
      0.1129352896130557
    ],
    "fold_epochs": [
      157,
      143,
      113,
      218,
      196
    ]
  },
  "UTS": {
    "fold_val_losses": [
      0.12171684669703813,
      0.12226032644800602,
      0.13187012854889094,
      0.1264708396516928,
      0.11974490639845226
    ],
    "fold_epochs": [
      248,
      214,
      248,
      239,
      285
    ]
  },
  "UE": {
    "fold_val_losses": [
      0.2630934506412629,
      0.26348687704454415,
      0.2867005415436759,
      0.27137956373831806,
      0.2653398755600017
    ],
    "fold_epochs": [
      228,
      193,
      226,
      89,
      162
    ]
  },
  "TE": {
    "fold_val_losses": [
      0.26979989080100414,
      0.2759597766016457,
      0.2908959569031933,
      0.27756396198973937,
      0.2737770709003373
    ],
    "fold_epochs": [
      232,
      73,
      173,
      212,
      154
    ]
  }
}