{
  "YS": {
    "fold_val_losses": [
      0.09110533735282411,
      0.08758514606368861,
      0.09021326282481977,
      0.08956600633301154,
      0.08925485691843058
    ],
    "fold_epochs": [
      427,
      447,
      711,
      480,
      470
    ]
  },
  "UTS": {
    "fold_val_losses": [
      0.08304582124159372,
      0.08188485200386916,
      0.08161383167067782,
      0.08493140102716304,
      0.08080281806327069
    ],
    "fold_epochs": [
      585,
      411,
      641,
      493,
      504
    ]
  },
  "UE": {
    "fold_val_losses": [
      0.17081670662069962,
      0.15289742351676866,
      0.16519304253344655,
      0.16040266129900427,
      0.16077599123519956
    ],
    "fold_epochs": [
      550,
      1182,
      604,
      622,
      928
    ]
  },
  "TE": {
    "fold_val_losses": [
      0.1690147469478926,
      0.1582106479520607,
      0.16762837238538245,
      0.1607813903388857,
      0.16768981780890152
    ],
    "fold_epochs": [
      787,
      1246,
      671,
      1163,
      680
    ]
  }
}