{
  "YS": {
    "property": "yield_strength",
    "vppm_rmse_mean": 25.676443099975586,
    "vppm_rmse_std": 0.9451865553855896,
    "naive_rmse": 33.907386779785156,
    "reduction": 8.23094367980957,
    "reduction_pct": 24.2747802734375,
    "fold_rmses": [
      26.21714973449707,
      24.032136917114258,
      26.880250930786133,
      25.717466354370117,
      25.535213470458984
    ],
    "n_samples": 6373
  },
  "UTS": {
    "property": "ultimate_tensile_strength",
    "vppm_rmse_mean": 48.64601516723633,
    "vppm_rmse_std": 1.8900346755981445,
    "naive_rmse": 68.43310546875,
    "reduction": 19.787090301513672,
    "reduction_pct": 28.914499282836914,
    "fold_rmses": [
      50.373104095458984,
      47.03333282470703,
      49.54752731323242,
      50.47779083251953,
      45.79830551147461
    ],
    "n_samples": 6373
  },
  "UE": {
    "property": "uniform_elongation",
    "vppm_rmse_mean": 10.216248512268066,
    "vppm_rmse_std": 0.390363484621048,
    "naive_rmse": 15.002843856811523,
    "reduction": 4.786595344543457,
    "reduction_pct": 31.904586791992188,
    "fold_rmses": [
      10.589312553405762,
      9.614995956420898,
      10.360269546508789,
      10.60253620147705,
      9.914128303527832
    ],
    "n_samples": 6373
  },
  "TE": {
    "property": "total_elongation",
    "vppm_rmse_mean": 12.345559120178223,
    "vppm_rmse_std": 0.24971534311771393,
    "naive_rmse": 18.518062591552734,
    "reduction": 6.172503471374512,
    "reduction_pct": 33.332340240478516,
    "fold_rmses": [
      12.536070823669434,
      11.928413391113281,
      12.532441139221191,
      12.546774864196777,
      12.184094429016113
    ],
    "n_samples": 6373
  }
}