{
  "YS": {
    "fold_val_losses": [
      0.091348800816703,
      0.08590990451879098,
      0.09012591130905823,
      0.08888297456027079,
      0.08934388127972492
    ],
    "fold_epochs": [
      336,
      556,
      530,
      643,
      567
    ]
  },
  "UTS": {
    "fold_val_losses": [
      0.08309085421807029,
      0.08041748821955094,
      0.08124304472309504,
      0.08518473416598153,
      0.08092614167666069
    ],
    "fold_epochs": [
      512,
      536,
      771,
      497,
      483
    ]
  },
  "UE": {
    "fold_val_losses": [
      0.16451918020348888,
      0.15642633105090192,
      0.15671363806696703,
      0.15579968261994234,
      0.15865710371983918
    ],
    "fold_epochs": [
      864,
      680,
      1029,
      1032,
      990
    ]
  },
  "TE": {
    "fold_val_losses": [
      0.17794763017091147,
      0.1669846732343982,
      0.16472029555255396,
      0.16025077283945904,
      0.16781137756156433
    ],
    "fold_epochs": [
      348,
      556,
      697,
      887,
      561
    ]
  }
}