{
  "YS": {
    "property": "yield_strength",
    "vppm_rmse_mean": 27.212976455688477,
    "vppm_rmse_std": 1.1841779947280884,
    "naive_rmse": 33.907386779785156,
    "reduction": 6.69441032409668,
    "reduction_pct": 19.743221282958984,
    "fold_rmses": [
      27.84003448486328,
      25.280874252319336,
      28.700212478637695,
      27.69489288330078,
      26.548858642578125
    ],
    "n_samples": 6373
  },
  "UTS": {
    "property": "ultimate_tensile_strength",
    "vppm_rmse_mean": 52.9444580078125,
    "vppm_rmse_std": 2.782274007797241,
    "naive_rmse": 68.43310546875,
    "reduction": 15.4886474609375,
    "reduction_pct": 22.63326644897461,
    "fold_rmses": [
      54.577476501464844,
      51.20702362060547,
      53.206634521484375,
      56.923824310302734,
      48.807342529296875
    ],
    "n_samples": 6373
  },
  "UE": {
    "property": "uniform_elongation",
    "vppm_rmse_mean": 11.38154411315918,
    "vppm_rmse_std": 0.38288381695747375,
    "naive_rmse": 15.002843856811523,
    "reduction": 3.6212997436523438,
    "reduction_pct": 24.137422561645508,
    "fold_rmses": [
      11.726983070373535,
      10.691428184509277,
      11.285490036010742,
      11.72653865814209,
      11.477274894714355
    ],
    "n_samples": 6373
  },
  "TE": {
    "property": "total_elongation",
    "vppm_rmse_mean": 13.735038757324219,
    "vppm_rmse_std": 0.20336240530014038,
    "naive_rmse": 18.518062591552734,
    "reduction": 4.783023834228516,
    "reduction_pct": 25.828964233398438,
    "fold_rmses": [
      13.893857955932617,
      13.462398529052734,
      13.703505516052246,
      14.0264253616333,
      13.589009284973145
    ],
    "n_samples": 6373
  }
}