{
  "YS": {
    "fold_val_losses": [
      0.09145360402753433,
      0.08775974710076152,
      0.08919594343292413,
      0.0880611515095254,
      0.08819968692986901
    ],
    "fold_epochs": [
      333,
      273,
      628,
      676,
      371
    ]
  },
  "UTS": {
    "fold_val_losses": [
      0.08056735542540654,
      0.08101265133604242,
      0.0816560358412384,
      0.08452240877761309,
      0.07832202165462505
    ],
    "fold_epochs": [
      817,
      503,
      665,
      655,
      827
    ]
  },
  "UE": {
    "fold_val_losses": [
      0.16588806072507725,
      0.15549264164771953,
      0.16423012939654727,
      0.15790980232550816,
      0.16106747649372158
    ],
    "fold_epochs": [
      792,
      719,
      592,
      961,
      726
    ]
  },
  "TE": {
    "fold_val_losses": [
      0.17206457170262254,
      0.16173496854939293,
      0.17281953536811323,
      0.15954116262307688,
      0.1641677145871166
    ],
    "fold_epochs": [
      541,
      656,
      371,
      959,
      851
    ]
  }
}