{
  "YS": {
    "property": "yield_strength",
    "vppm_rmse_mean": 24.280107498168945,
    "vppm_rmse_std": 0.7521674633026123,
    "naive_rmse": 33.907386779785156,
    "reduction": 9.627279281616211,
    "reduction_pct": 28.392866134643555,
    "fold_rmses": [
      24.848922729492188,
      23.017601013183594,
      25.217559814453125,
      24.19550323486328,
      24.120948791503906
    ],
    "n_samples": 6373
  },
  "UTS": {
    "property": "ultimate_tensile_strength",
    "vppm_rmse_mean": 42.88024139404297,
    "vppm_rmse_std": 2.002423048019409,
    "naive_rmse": 68.43310546875,
    "reduction": 25.55286407470703,
    "reduction_pct": 37.33991622924805,
    "fold_rmses": [
      45.020267486572266,
      41.341670989990234,
      42.169403076171875,
      45.44395065307617,
      40.42592239379883
    ],
    "n_samples": 6373
  },
  "UE": {
    "property": "uniform_elongation",
    "vppm_rmse_mean": 9.340729713439941,
    "vppm_rmse_std": 0.27686652541160583,
    "naive_rmse": 15.002843856811523,
    "reduction": 5.662114143371582,
    "reduction_pct": 37.740272521972656,
    "fold_rmses": [
      9.836085319519043,
      8.996801376342773,
      9.232438087463379,
      9.378129005432129,
      9.2601957321167
    ],
    "n_samples": 6373
  },
  "TE": {
    "property": "total_elongation",
    "vppm_rmse_mean": 11.266769409179688,
    "vppm_rmse_std": 0.4953051805496216,
    "naive_rmse": 18.518062591552734,
    "reduction": 7.251293182373047,
    "reduction_pct": 39.1579475402832,
    "fold_rmses": [
      11.95312786102295,
      10.424981117248535,
      11.445889472961426,
      11.34029483795166,
      11.169554710388184
    ],
    "n_samples": 6373
  }
}