{
  "YS": {
    "fold_val_losses": [
      0.09397589986352758,
      0.08866391053963738,
      0.09511366153564696,
      0.09307896172111275,
      0.09266054559865369
    ],
    "fold_epochs": [
      279,
      460,
      646,
      591,
      399
    ]
  },
  "UTS": {
    "fold_val_losses": [
      0.08776323223029275,
      0.08515606420001838,
      0.08914504502942244,
      0.0885279494251649,
      0.08400905163694615
    ],
    "fold_epochs": [
      304,
      395,
      854,
      802,
      638
    ]
  },
  "UE": {
    "fold_val_losses": [
      0.17756086695342538,
      0.16562427690212447,
      0.17854154233712208,
      0.16988950650043347,
      0.1703016887755534
    ],
    "fold_epochs": [
      570,
      711,
      485,
      622,
      1148
    ]
  },
  "TE": {
    "fold_val_losses": [
      0.1785968406668288,
      0.1753756605665454,
      0.1825395248136117,
      0.17399825687919343,
      0.17869530456428478
    ],
    "fold_epochs": [
      667,
      459,
      465,
      631,
      644
    ]
  }
}