{
  "YS": {
    "property": "yield_strength",
    "vppm_rmse_mean": 20.16214483969798,
    "vppm_rmse_std": 0.9162783328651153,
    "naive_rmse": 33.907386779785156,
    "reduction": 13.745241940087176,
    "reduction_pct": 40.53760329381027,
    "fold_rmses": [
      19.879218428742405,
      18.708053018291345,
      21.135017605077003,
      19.925768314025643,
      21.16266683235349
    ],
    "n_samples": 6373
  },
  "UTS": {
    "property": "ultimate_tensile_strength",
    "vppm_rmse_mean": 28.11975307053286,
    "vppm_rmse_std": 0.9863633593957707,
    "naive_rmse": 68.43310546875,
    "reduction": 40.31335239821714,
    "reduction_pct": 58.90913779534124,
    "fold_rmses": [
      28.43997778002245,
      26.535203267028955,
      27.51662007369654,
      28.78538496283441,
      29.321579269081923
    ],
    "n_samples": 6373
  },
  "UE": {
    "property": "uniform_elongation",
    "vppm_rmse_mean": 6.3796077727064455,
    "vppm_rmse_std": 0.34279470135367524,
    "naive_rmse": 15.002843856811523,
    "reduction": 8.623236084105077,
    "reduction_pct": 57.4773434050638,
    "fold_rmses": [
      6.749441883792484,
      5.900939460849008,
      6.036968717456586,
      6.639438690912009,
      6.571250110522142
    ],
    "n_samples": 6373
  },
  "TE": {
    "property": "total_elongation",
    "vppm_rmse_mean": 8.119666486142593,
    "vppm_rmse_std": 0.36021234127076335,
    "naive_rmse": 18.518062591552734,
    "reduction": 10.398396105410141,
    "reduction_pct": 56.152721452370024,
    "fold_rmses": [
      8.576212078418001,
      7.740222065820106,
      7.732440151944412,
      8.053008898974799,
      8.496449235555646
    ],
    "n_samples": 6373
  }
}