{
  "YS": {
    "fold_val_losses": [
      0.08947736493000435,
      0.08710785905755526,
      0.08981131868426781,
      0.08886362429113448,
      0.0879053729913396
    ],
    "fold_epochs": [
      593,
      355,
      585,
      670,
      447
    ]
  },
  "UTS": {
    "fold_val_losses": [
      0.08184613732138271,
      0.08118385505352979,
      0.082371425574905,
      0.08217136958660949,
      0.08137454966494712
    ],
    "fold_epochs": [
      656,
      446,
      479,
      832,
      389
    ]
  },
  "UE": {
    "fold_val_losses": [
      0.16767732655678222,
      0.15762005098215087,
      0.16632359922937748,
      0.16458886506489845,
      0.157066625929503
    ],
    "fold_epochs": [
      655,
      565,
      448,
      522,
      1012
    ]
  },
  "TE": {
    "fold_val_losses": [
      0.16523132431806722,
      0.16228019653683654,
      0.17172773978693467,
      0.1654215126979251,
      0.167352346339445
    ],
    "fold_epochs": [
      1035,
      730,
      452,
      705,
      595
    ]
  }
}