{
  "YS": {
    "fold_val_losses": [
      0.0927091033783592,
      0.0884466139190664,
      0.09114936272795715,
      0.09119937313767541,
      0.08914368230454614
    ],
    "fold_epochs": [
      303,
      431,
      819,
      617,
      435
    ]
  },
  "UTS": {
    "fold_val_losses": [
      0.08624681980401376,
      0.0838461729681699,
      0.08420454319049221,
      0.08822342765932324,
      0.08051604584411338
    ],
    "fold_epochs": [
      641,
      599,
      835,
      750,
      893
    ]
  },
  "UE": {
    "fold_val_losses": [
      0.17139185758888736,
      0.15948113662560026,
      0.17507703923696424,
      0.16579603557200992,
      0.16757067219659896
    ],
    "fold_epochs": [
      855,
      864,
      422,
      832,
      704
    ]
  },
  "TE": {
    "fold_val_losses": [
      0.18053195488410542,
      0.17551237810844494,
      0.17775505612167544,
      0.17423364222675813,
      0.17585600263618723
    ],
    "fold_epochs": [
      630,
      577,
      612,
      757,
      698
    ]
  }
}