{
  "YS": {
    "fold_val_losses": [
      0.09236593148594249,
      0.08741095480462512,
      0.09038392854856882,
      0.08829671008308895,
      0.08994062409509035
    ],
    "fold_epochs": [
      369,
      430,
      533,
      739,
      528
    ]
  },
  "UTS": {
    "fold_val_losses": [
      0.0862701277348574,
      0.08182851293993787,
      0.08474985972654037,
      0.08430944893415235,
      0.08173356275163392
    ],
    "fold_epochs": [
      423,
      420,
      506,
      716,
      456
    ]
  },
  "UE": {
    "fold_val_losses": [
      0.1665509923418696,
      0.1566095848407414,
      0.15876351883589,
      0.1609989706301639,
      0.161232296934073
    ],
    "fold_epochs": [
      714,
      732,
      1003,
      550,
      805
    ]
  },
  "TE": {
    "fold_val_losses": [
      0.1699674369667532,
      0.16870113453970512,
      0.1639844357866824,
      0.1646422556280589,
      0.169287269466377
    ],
    "fold_epochs": [
      625,
      525,
      925,
      777,
      413
    ]
  }
}