{
  "YS": {
    "property": "yield_strength",
    "vppm_rmse_mean": 20.779033854699836,
    "vppm_rmse_std": 0.9544937966177289,
    "naive_rmse": 33.907386779785156,
    "reduction": 13.12835292508532,
    "reduction_pct": 38.7182681176485,
    "fold_rmses": [
      20.317205984212354,
      19.64892031251893,
      22.01204509771381,
      20.098232039086835,
      21.818765839967256
    ],
    "n_samples": 6373
  },
  "UTS": {
    "property": "ultimate_tensile_strength",
    "vppm_rmse_mean": 29.636893507896445,
    "vppm_rmse_std": 1.0213688593941392,
    "naive_rmse": 68.43310546875,
    "reduction": 38.796211960853555,
    "reduction_pct": 56.69216922878044,
    "fold_rmses": [
      29.17132009188881,
      29.080751977931488,
      29.026799263981893,
      29.230852088259617,
      31.67474411742043
    ],
    "n_samples": 6373
  },
  "UE": {
    "property": "uniform_elongation",
    "vppm_rmse_mean": 6.609752644962674,
    "vppm_rmse_std": 0.19069112433827054,
    "naive_rmse": 15.002843856811523,
    "reduction": 8.39309121184885,
    "reduction_pct": 55.943335090021996,
    "fold_rmses": [
      6.90269853300643,
      6.610462667462189,
      6.300219676404341,
      6.623215119260176,
      6.612167228680229
    ],
    "n_samples": 6373
  },
  "TE": {
    "property": "total_elongation",
    "vppm_rmse_mean": 8.378394106121078,
    "vppm_rmse_std": 0.3392409578691125,
    "naive_rmse": 18.518062591552734,
    "reduction": 10.139668485431656,
    "reduction_pct": 54.75555790624125,
    "fold_rmses": [
      8.956135771074912,
      8.352531667408936,
      7.914412600702008,
      8.229979944565931,
      8.438910546853604
    ],
    "n_samples": 6373
  }
}