{
  "YS": {
    "property": "yield_strength",
    "vppm_rmse_mean": 24.74672508239746,
    "vppm_rmse_std": 0.5363457798957825,
    "naive_rmse": 33.907386779785156,
    "reduction": 9.160661697387695,
    "reduction_pct": 27.016714096069336,
    "fold_rmses": [
      24.79522132873535,
      23.754499435424805,
      25.370014190673828,
      24.983238220214844,
      24.830646514892578
    ],
    "n_samples": 6373
  },
  "UTS": {
    "property": "ultimate_tensile_strength",
    "vppm_rmse_mean": 44.62787628173828,
    "vppm_rmse_std": 1.6627330780029297,
    "naive_rmse": 68.43310546875,
    "reduction": 23.80522918701172,
    "reduction_pct": 34.786128997802734,
    "fold_rmses": [
      47.66744613647461,
      43.84260177612305,
      43.40891647338867,
      45.096595764160156,
      43.12381362915039
    ],
    "n_samples": 6373
  },
  "UE": {
    "property": "uniform_elongation",
    "vppm_rmse_mean": 9.846755981445312,
    "vppm_rmse_std": 0.3171224594116211,
    "naive_rmse": 15.002843856811523,
    "reduction": 5.156087875366211,
    "reduction_pct": 34.36740493774414,
    "fold_rmses": [
      10.353887557983398,
      9.508782386779785,
      9.612569808959961,
      10.07223129272461,
      9.686311721801758
    ],
    "n_samples": 6373
  },
  "TE": {
    "property": "total_elongation",
    "vppm_rmse_mean": 11.779443740844727,
    "vppm_rmse_std": 0.5581517219543457,
    "naive_rmse": 18.518062591552734,
    "reduction": 6.738618850708008,
    "reduction_pct": 36.38943862915039,
    "fold_rmses": [
      12.700984954833984,
      11.286999702453613,
      11.973212242126465,
      11.810352325439453,
      11.125665664672852
    ],
    "n_samples": 6373
  }
}