{
  "YS": {
    "fold_val_losses": [
      0.09070338611260499,
      0.08732537172730814,
      0.08875847700282316,
      0.08839084366101678,
      0.08952161652603369
    ],
    "fold_epochs": [
      435,
      453,
      706,
      628,
      330
    ]
  },
  "UTS": {
    "fold_val_losses": [
      0.08024392662771797,
      0.08189243852519373,
      0.08027739563747532,
      0.08451508798738237,
      0.0805034613234406
    ],
    "fold_epochs": [
      782,
      326,
      827,
      681,
      699
    ]
  },
  "UE": {
    "fold_val_losses": [
      0.16716179083328195,
      0.15463310662949317,
      0.1687791369934686,
      0.15780723564514593,
      0.15897344947241884
    ],
    "fold_epochs": [
      532,
      1021,
      364,
      841,
      1088
    ]
  },
  "TE": {
    "fold_val_losses": [
      0.16989215405709432,
      0.16560750564912421,
      0.168681889261916,
      0.163660707531356,
      0.16343013302804865
    ],
    "fold_epochs": [
      728,
      679,
      611,
      723,
      847
    ]
  }
}