{
  "YS": {
    "fold_val_losses": [
      0.11483105988740376,
      0.1157735216501451,
      0.12428734702721157,
      0.11580084107753609,
      0.11282257441892782
    ],
    "fold_epochs": [
      83,
      173,
      156,
      124,
      157
    ]
  },
  "UTS": {
    "fold_val_losses": [
      0.11880658988754106,
      0.12041088095177092,
      0.13094566312666656,
      0.1188449016263505,
      0.11398936731034312
    ],
    "fold_epochs": [
      167,
      183,
      196,
      283,
      121
    ]
  },
  "UE": {
    "fold_val_losses": [
      0.2270340359651307,
      0.2169470114612843,
      0.240057995651655,
      0.2138726217907016,
      0.21292305819376217
    ],
    "fold_epochs": [
      179,
      403,
      507,
      259,
      375
    ]
  },
  "TE": {
    "fold_val_losses": [
      0.23116979859608566,
      0.22901434860554665,
      0.24794596504413274,
      0.22190421957428716,
      0.21784820254430612
    ],
    "fold_epochs": [
      317,
      228,
      338,
      229,
      296
    ]
  }
}