{
  "YS": {
    "fold_val_losses": [
      0.09071417438496669,
      0.08688749165802394,
      0.09081976680346597,
      0.08894077926373281,
      0.08796112333563552
    ],
    "fold_epochs": [
      338,
      323,
      455,
      621,
      500
    ]
  },
  "UTS": {
    "fold_val_losses": [
      0.08227312539882181,
      0.08089482715807506,
      0.08048882789169229,
      0.08455126567454148,
      0.08042178532325141
    ],
    "fold_epochs": [
      520,
      384,
      651,
      548,
      518
    ]
  },
  "UE": {
    "fold_val_losses": [
      0.16588214154805167,
      0.15378501626018978,
      0.16192751888900245,
      0.16076110868456484,
      0.15867219598890112
    ],
    "fold_epochs": [
      754,
      664,
      723,
      666,
      788
    ]
  },
  "TE": {
    "fold_val_losses": [
      0.17103419055503527,
      0.16125091357159577,
      0.16120612072907514,
      0.16487641180200235,
      0.16316329740168645
    ],
    "fold_epochs": [
      597,
      836,
      857,
      529,
      735
    ]
  }
}