{
  "YS": {
    "property": "yield_strength",
    "vppm_rmse_mean": 24.212194442749023,
    "vppm_rmse_std": 0.6592562794685364,
    "naive_rmse": 33.907386779785156,
    "reduction": 9.695192337036133,
    "reduction_pct": 28.593154907226562,
    "fold_rmses": [
      24.85645294189453,
      23.086469650268555,
      24.849063873291016,
      24.325660705566406,
      23.943323135375977
    ],
    "n_samples": 6373
  },
  "UTS": {
    "property": "ultimate_tensile_strength",
    "vppm_rmse_mean": 43.349273681640625,
    "vppm_rmse_std": 1.6016957759857178,
    "naive_rmse": 68.43310546875,
    "reduction": 25.083831787109375,
    "reduction_pct": 36.6545295715332,
    "fold_rmses": [
      44.90378952026367,
      42.29981231689453,
      42.18250274658203,
      45.645957946777344,
      41.714298248291016
    ],
    "n_samples": 6373
  },
  "UE": {
    "property": "uniform_elongation",
    "vppm_rmse_mean": 9.3611421585083,
    "vppm_rmse_std": 0.45130616426467896,
    "naive_rmse": 15.002843856811523,
    "reduction": 5.641701698303223,
    "reduction_pct": 37.604217529296875,
    "fold_rmses": [
      10.102627754211426,
      8.740865707397461,
      9.171075820922852,
      9.546147346496582,
      9.244993209838867
    ],
    "n_samples": 6373
  },
  "TE": {
    "property": "total_elongation",
    "vppm_rmse_mean": 11.170952796936035,
    "vppm_rmse_std": 0.43844905495643616,
    "naive_rmse": 18.518062591552734,
    "reduction": 7.347109794616699,
    "reduction_pct": 39.67536926269531,
    "fold_rmses": [
      11.831072807312012,
      10.468643188476562,
      11.066200256347656,
      11.17223834991455,
      11.316609382629395
    ],
    "n_samples": 6373
  }
}