{
  "YS": {
    "property": "yield_strength",
    "vppm_rmse_mean": 24.312265396118164,
    "vppm_rmse_std": 0.6888985633850098,
    "naive_rmse": 33.907386779785156,
    "reduction": 9.595121383666992,
    "reduction_pct": 28.29802703857422,
    "fold_rmses": [
      25.264232635498047,
      23.16448974609375,
      24.643081665039062,
      24.36870002746582,
      24.120819091796875
    ],
    "n_samples": 6373
  },
  "UTS": {
    "property": "ultimate_tensile_strength",
    "vppm_rmse_mean": 42.943519592285156,
    "vppm_rmse_std": 1.1264997720718384,
    "naive_rmse": 68.43310546875,
    "reduction": 25.489585876464844,
    "reduction_pct": 37.2474479675293,
    "fold_rmses": [
      43.90226364135742,
      41.61899185180664,
      43.24542236328125,
      44.31303787231445,
      41.63787078857422
    ],
    "n_samples": 6373
  },
  "UE": {
    "property": "uniform_elongation",
    "vppm_rmse_mean": 9.32263469696045,
    "vppm_rmse_std": 0.2867152988910675,
    "naive_rmse": 15.002843856811523,
    "reduction": 5.680209159851074,
    "reduction_pct": 37.86088180541992,
    "fold_rmses": [
      9.786317825317383,
      9.09073543548584,
      9.08737850189209,
      9.532814979553223,
      9.115927696228027
    ],
    "n_samples": 6373
  },
  "TE": {
    "property": "total_elongation",
    "vppm_rmse_mean": 11.353607177734375,
    "vppm_rmse_std": 0.42905113101005554,
    "naive_rmse": 18.518062591552734,
    "reduction": 7.164455413818359,
    "reduction_pct": 38.68901062011719,
    "fold_rmses": [
      11.9654541015625,
      10.630325317382812,
      11.500052452087402,
      11.356983184814453,
      11.315221786499023
    ],
    "n_samples": 6373
  }
}