{
  "YS": {
    "fold_val_losses": [
      0.07508163759591284,
      0.07223955600308142,
      0.0764067463853314,
      0.0747634918123734,
      0.07848107759028407
    ],
    "fold_epochs": [
      106,
      89,
      96,
      95,
      89
    ]
  },
  "UTS": {
    "fold_val_losses": [
      0.05501200559005939,
      0.05521371251088874,
      0.05700616618483493,
      0.057561300976687116,
      0.05964832915466559
    ],
    "fold_epochs": [
      180,
      162,
      186,
      134,
      154
    ]
  },
  "UE": {
    "fold_val_losses": [
      0.11306970858935567,
      0.10338241547118557,
      0.11070487318551296,
      0.10822457093901995,
      0.11308451665810394
    ],
    "fold_epochs": [
      108,
      177,
      193,
      166,
      151
    ]
  },
  "TE": {
    "fold_val_losses": [
      0.11820588235543082,
      0.11560709637959045,
      0.11774541428924194,
      0.11620518577699902,
      0.11917326776156176
    ],
    "fold_epochs": [
      175,
      106,
      140,
      109,
      181
    ]
  }
}