{
  "YS": {
    "property": "yield_strength",
    "vppm_rmse_mean": 20.235890260475877,
    "vppm_rmse_std": 0.8718745526712218,
    "naive_rmse": 33.907386779785156,
    "reduction": 13.67149651930928,
    "reduction_pct": 40.32011257045597,
    "fold_rmses": [
      19.663191782889736,
      18.892187164141426,
      21.174428077196314,
      20.332175591012213,
      21.117468687139713
    ],
    "n_samples": 6373
  },
  "UTS": {
    "property": "ultimate_tensile_strength",
    "vppm_rmse_mean": 29.051216880429344,
    "vppm_rmse_std": 1.2291810141105624,
    "naive_rmse": 68.43310546875,
    "reduction": 39.381888588320656,
    "reduction_pct": 57.54800738409337,
    "fold_rmses": [
      28.409876887251926,
      27.57625902254168,
      28.241446428663114,
      30.38986028282146,
      30.63864178086853
    ],
    "n_samples": 6373
  },
  "UE": {
    "property": "uniform_elongation",
    "vppm_rmse_mean": 6.480258372474687,
    "vppm_rmse_std": 0.362118828084543,
    "naive_rmse": 15.002843856811523,
    "reduction": 8.522585484336837,
    "reduction_pct": 56.80646659844727,
    "fold_rmses": [
      7.020147566186904,
      6.011153349634872,
      6.153262990705399,
      6.6550667205234175,
      6.561661235322836
    ],
    "n_samples": 6373
  },
  "TE": {
    "property": "total_elongation",
    "vppm_rmse_mean": 8.208027548123582,
    "vppm_rmse_std": 0.31491422853958123,
    "naive_rmse": 18.518062591552734,
    "reduction": 10.310035043429153,
    "reduction_pct": 55.6755599699302,
    "fold_rmses": [
      8.706275179110115,
      7.807924458593782,
      7.938828757538746,
      8.308113273645267,
      8.278996071729999
    ],
    "n_samples": 6373
  }
}