{
  "feature_min": [
    0.13940931856632233,
    47.15843200683594,
    12.25,
    0.0,
    0.0,
    0.0
  ],
  "feature_max": [
    3.0,
    71.0,
    71.75,
    1.0,
    0.5,
    454.9395446777344
  ],
  "target_min": {
    "yield_strength": 71.24808502197266,
    "ultimate_tensile_strength": 74.71820831298828,
    "uniform_elongation": 0.08429999649524689,
    "total_elongation": 4.067319869995117
  },
  "target_max": {
    "yield_strength": 418.3550109863281,
    "ultimate_tensile_strength": 609.91552734375,
    "uniform_elongation": 69.13323974609375,
    "total_elongation": 94.27532196044922
  }
}