{
  "YS": {
    "property": "yield_strength",
    "vppm_rmse_mean": 24.33407974243164,
    "vppm_rmse_std": 0.7877532839775085,
    "naive_rmse": 33.907386779785156,
    "reduction": 9.573307037353516,
    "reduction_pct": 28.233692169189453,
    "fold_rmses": [
      24.86477279663086,
      22.783672332763672,
      24.726001739501953,
      24.830617904663086,
      24.46532440185547
    ],
    "n_samples": 6373
  },
  "UTS": {
    "property": "ultimate_tensile_strength",
    "vppm_rmse_mean": 43.352256774902344,
    "vppm_rmse_std": 1.509251356124878,
    "naive_rmse": 68.43310546875,
    "reduction": 25.080848693847656,
    "reduction_pct": 36.650169372558594,
    "fold_rmses": [
      44.50193786621094,
      42.32004928588867,
      43.036865234375,
      45.55869674682617,
      41.34374237060547
    ],
    "n_samples": 6373
  },
  "UE": {
    "property": "uniform_elongation",
    "vppm_rmse_mean": 9.370994567871094,
    "vppm_rmse_std": 0.34239110350608826,
    "naive_rmse": 15.002843856811523,
    "reduction": 5.63184928894043,
    "reduction_pct": 37.53854751586914,
    "fold_rmses": [
      10.020450592041016,
      9.08543872833252,
      9.205581665039062,
      9.405472755432129,
      9.138029098510742
    ],
    "n_samples": 6373
  },
  "TE": {
    "property": "total_elongation",
    "vppm_rmse_mean": 11.431325912475586,
    "vppm_rmse_std": 0.44894149899482727,
    "naive_rmse": 18.518062591552734,
    "reduction": 7.086736679077148,
    "reduction_pct": 38.26932144165039,
    "fold_rmses": [
      12.041973114013672,
      10.709881782531738,
      11.636253356933594,
      11.568575859069824,
      11.199943542480469
    ],
    "n_samples": 6373
  }
}