{
  "YS": {
    "fold_val_losses": [
      0.08047839301711837,
      0.07690788468855064,
      0.0818508923568108,
      0.07825298087687052,
      0.08360193932802437
    ],
    "fold_epochs": [
      185,
      263,
      248,
      316,
      148
    ]
  },
  "UTS": {
    "fold_val_losses": [
      0.06240628186852595,
      0.06306320807850944,
      0.06207209698084327,
      0.06239382246462237,
      0.0653851254309122
    ],
    "fold_epochs": [
      243,
      182,
      328,
      200,
      284
    ]
  },
  "UE": {
    "fold_val_losses": [
      0.12078306773844392,
      0.11563841752186144,
      0.11738861006264745,
      0.11750228371189422,
      0.12184129847763142
    ],
    "fold_epochs": [
      366,
      367,
      361,
      233,
      234
    ]
  },
  "TE": {
    "fold_val_losses": [
      0.130608458925955,
      0.1278300852901751,
      0.12250213342040289,
      0.12591977060592474,
      0.12504683280622975
    ],
    "fold_epochs": [
      267,
      249,
      285,
      223,
      340
    ]
  }
}