{
  "YS": {
    "property": "yield_strength",
    "vppm_rmse_mean": 24.303058624267578,
    "vppm_rmse_std": 0.7066283822059631,
    "naive_rmse": 33.907386779785156,
    "reduction": 9.604328155517578,
    "reduction_pct": 28.325180053710938,
    "fold_rmses": [
      25.28734588623047,
      23.301372528076172,
      24.80345916748047,
      24.342069625854492,
      23.781044006347656
    ],
    "n_samples": 6373
  },
  "UTS": {
    "property": "ultimate_tensile_strength",
    "vppm_rmse_mean": 44.69755172729492,
    "vppm_rmse_std": 2.5579912662506104,
    "naive_rmse": 68.43310546875,
    "reduction": 23.735553741455078,
    "reduction_pct": 34.6843147277832,
    "fold_rmses": [
      48.1773796081543,
      43.0774040222168,
      41.447113037109375,
      47.18876647949219,
      43.59709167480469
    ],
    "n_samples": 6373
  },
  "UE": {
    "property": "uniform_elongation",
    "vppm_rmse_mean": 9.644383430480957,
    "vppm_rmse_std": 0.39636850357055664,
    "naive_rmse": 15.002843856811523,
    "reduction": 5.358460426330566,
    "reduction_pct": 35.7162971496582,
    "fold_rmses": [
      10.359092712402344,
      9.23941707611084,
      9.617230415344238,
      9.690260887145996,
      9.315916061401367
    ],
    "n_samples": 6373
  },
  "TE": {
    "property": "total_elongation",
    "vppm_rmse_mean": 11.838552474975586,
    "vppm_rmse_std": 0.4231542646884918,
    "naive_rmse": 18.518062591552734,
    "reduction": 6.679510116577148,
    "reduction_pct": 36.07024383544922,
    "fold_rmses": [
      12.347212791442871,
      11.061927795410156,
      11.869966506958008,
      12.004003524780273,
      11.90965461730957
    ],
    "n_samples": 6373
  }
}