{
  "YS": {
    "fold_val_losses": [
      0.09098465372974965,
      0.08624168899324205,
      0.08948982366216421,
      0.089917768700784,
      0.08998352045604857
    ],
    "fold_epochs": [
      484,
      426,
      700,
      378,
      422
    ]
  },
  "UTS": {
    "fold_val_losses": [
      0.08186298479118242,
      0.08094892128831215,
      0.08190357394742712,
      0.08458156059613499,
      0.0806834169569524
    ],
    "fold_epochs": [
      587,
      539,
      668,
      486,
      497
    ]
  },
  "UE": {
    "fold_val_losses": [
      0.1683112949390162,
      0.15920882345250306,
      0.16469590717434976,
      0.15827084874280362,
      0.16089913488804608
    ],
    "fold_epochs": [
      751,
      446,
      580,
      849,
      924
    ]
  },
  "TE": {
    "fold_val_losses": [
      0.16959904155079925,
      0.1615455252534782,
      0.17279465745215042,
      0.16328770953754917,
      0.16269552741927662
    ],
    "fold_epochs": [
      666,
      874,
      347,
      607,
      772
    ]
  }
}