{
  "YS": {
    "fold_val_losses": [
      0.07519574216622542,
      0.07175027850962364,
      0.07716428901533198,
      0.07411062930311475,
      0.0776806769147991
    ],
    "fold_epochs": [
      114,
      95,
      106,
      110,
      102
    ]
  },
  "UTS": {
    "fold_val_losses": [
      0.056197341200504305,
      0.05499157808395421,
      0.05779286026335864,
      0.05642875121170733,
      0.058999896415843515
    ],
    "fold_epochs": [
      135,
      102,
      110,
      137,
      113
    ]
  },
  "UE": {
    "fold_val_losses": [
      0.1132526400485569,
      0.10479708992458758,
      0.11057053347810225,
      0.10923152335551607,
      0.10995720002234058
    ],
    "fold_epochs": [
      83,
      118,
      133,
      100,
      103
    ]
  },
  "TE": {
    "fold_val_losses": [
      0.11947012680962656,
      0.11488607186449397,
      0.11506614025586492,
      0.11799497539255799,
      0.11827049506007484
    ],
    "fold_epochs": [
      119,
      93,
      128,
      102,
      123
    ]
  }
}