{
  "YS": {
    "fold_val_losses": [
      0.09047421021989893,
      0.08696059141898545,
      0.09124759492814123,
      0.08816740087413487,
      0.08830729058419151
    ],
    "fold_epochs": [
      395,
      314,
      515,
      774,
      791
    ]
  },
  "UTS": {
    "fold_val_losses": [
      0.0817075226485245,
      0.0814784959943405,
      0.08191750262511757,
      0.08592572112512939,
      0.07991721928785739
    ],
    "fold_epochs": [
      911,
      571,
      835,
      380,
      762
    ]
  },
  "UE": {
    "fold_val_losses": [
      0.1671241853678399,
      0.15750641531540005,
      0.1620134078672017,
      0.16013475872200578,
      0.16268392521911806
    ],
    "fold_epochs": [
      1027,
      650,
      942,
      788,
      709
    ]
  },
  "TE": {
    "fold_val_losses": [
      0.16945124497175157,
      0.16662376640406704,
      0.17217044695504077,
      0.16438299617847474,
      0.16711295240988067
    ],
    "fold_epochs": [
      827,
      567,
      508,
      823,
      693
    ]
  }
}