{
  "YS": {
    "property": "yield_strength",
    "vppm_rmse_mean": 25.969003677368164,
    "vppm_rmse_std": 1.0770100355148315,
    "naive_rmse": 33.907386779785156,
    "reduction": 7.938383102416992,
    "reduction_pct": 23.411958694458008,
    "fold_rmses": [
      26.37982177734375,
      24.318424224853516,
      27.338048934936523,
      26.6198787689209,
      25.188846588134766
    ],
    "n_samples": 6373
  },
  "UTS": {
    "property": "ultimate_tensile_strength",
    "vppm_rmse_mean": 49.021602630615234,
    "vppm_rmse_std": 2.192795515060425,
    "naive_rmse": 68.43310546875,
    "reduction": 19.411502838134766,
    "reduction_pct": 28.365659713745117,
    "fold_rmses": [
      51.21861267089844,
      46.195072174072266,
      49.68133544921875,
      51.329200744628906,
      46.68378829956055
    ],
    "n_samples": 6373
  },
  "UE": {
    "property": "uniform_elongation",
    "vppm_rmse_mean": 10.77441692352295,
    "vppm_rmse_std": 0.3511703908443451,
    "naive_rmse": 15.002843856811523,
    "reduction": 4.228426933288574,
    "reduction_pct": 28.18416976928711,
    "fold_rmses": [
      11.105544090270996,
      10.257132530212402,
      10.62904167175293,
      11.225914001464844,
      10.65445327758789
    ],
    "n_samples": 6373
  },
  "TE": {
    "property": "total_elongation",
    "vppm_rmse_mean": 12.862788200378418,
    "vppm_rmse_std": 0.4513562321662903,
    "naive_rmse": 18.518062591552734,
    "reduction": 5.655274391174316,
    "reduction_pct": 30.53923225402832,
    "fold_rmses": [
      13.28320598602295,
      12.123598098754883,
      12.868786811828613,
      13.37025260925293,
      12.66810131072998
    ],
    "n_samples": 6373
  }
}