{
  "YS": {
    "property": "yield_strength",
    "vppm_rmse_mean": 24.30973243713379,
    "vppm_rmse_std": 0.7862514853477478,
    "naive_rmse": 33.907386779785156,
    "reduction": 9.597654342651367,
    "reduction_pct": 28.305498123168945,
    "fold_rmses": [
      25.123165130615234,
      23.081314086914062,
      25.038366317749023,
      24.565326690673828,
      23.740489959716797
    ],
    "n_samples": 6373
  },
  "UTS": {
    "property": "ultimate_tensile_strength",
    "vppm_rmse_mean": 43.095027923583984,
    "vppm_rmse_std": 1.6571390628814697,
    "naive_rmse": 68.43310546875,
    "reduction": 25.338077545166016,
    "reduction_pct": 37.02605438232422,
    "fold_rmses": [
      44.960289001464844,
      41.69145584106445,
      41.94530487060547,
      45.272457122802734,
      41.60564041137695
    ],
    "n_samples": 6373
  },
  "UE": {
    "property": "uniform_elongation",
    "vppm_rmse_mean": 9.30600643157959,
    "vppm_rmse_std": 0.38550177216529846,
    "naive_rmse": 15.002843856811523,
    "reduction": 5.696837425231934,
    "reduction_pct": 37.971717834472656,
    "fold_rmses": [
      9.88093090057373,
      8.855178833007812,
      9.119930267333984,
      9.630875587463379,
      9.043118476867676
    ],
    "n_samples": 6373
  },
  "TE": {
    "property": "total_elongation",
    "vppm_rmse_mean": 11.3193998336792,
    "vppm_rmse_std": 0.53568035364151,
    "naive_rmse": 18.518062591552734,
    "reduction": 7.198662757873535,
    "reduction_pct": 38.87373352050781,
    "fold_rmses": [
      12.242431640625,
      10.764374732971191,
      10.872702598571777,
      11.548603057861328,
      11.1688871383667
    ],
    "n_samples": 6373
  }
}