{
  "YS": {
    "property": "yield_strength",
    "vppm_rmse_mean": 24.10663604736328,
    "vppm_rmse_std": 0.683684766292572,
    "naive_rmse": 33.907386779785156,
    "reduction": 9.800750732421875,
    "reduction_pct": 28.904470443725586,
    "fold_rmses": [
      24.924606323242188,
      23.073974609375,
      24.61839485168457,
      24.34257698059082,
      23.573631286621094
    ],
    "n_samples": 6373
  },
  "UTS": {
    "property": "ultimate_tensile_strength",
    "vppm_rmse_mean": 43.13153076171875,
    "vppm_rmse_std": 2.28572154045105,
    "naive_rmse": 68.43310546875,
    "reduction": 25.30157470703125,
    "reduction_pct": 36.97270965576172,
    "fold_rmses": [
      46.461238861083984,
      41.3867301940918,
      41.0435905456543,
      45.32022476196289,
      41.44586944580078
    ],
    "n_samples": 6373
  },
  "UE": {
    "property": "uniform_elongation",
    "vppm_rmse_mean": 9.172220230102539,
    "vppm_rmse_std": 0.44661998748779297,
    "naive_rmse": 15.002843856811523,
    "reduction": 5.830623626708984,
    "reduction_pct": 38.86345672607422,
    "fold_rmses": [
      9.890159606933594,
      8.912631034851074,
      8.6380615234375,
      9.461446762084961,
      8.958805084228516
    ],
    "n_samples": 6373
  },
  "TE": {
    "property": "total_elongation",
    "vppm_rmse_mean": 11.426913261413574,
    "vppm_rmse_std": 0.371949702501297,
    "naive_rmse": 18.518062591552734,
    "reduction": 7.09114933013916,
    "reduction_pct": 38.29315185546875,
    "fold_rmses": [
      12.0984468460083,
      10.980131149291992,
      11.401861190795898,
      11.42853832244873,
      11.225589752197266
    ],
    "n_samples": 6373
  }
}