{
  "YS": {
    "fold_val_losses": [
      0.0917859724229833,
      0.08767242557817914,
      0.08907042524774694,
      0.08946866997588082,
      0.08815581935765947
    ],
    "fold_epochs": [
      347,
      265,
      727,
      596,
      587
    ]
  },
  "UTS": {
    "fold_val_losses": [
      0.08669680844321866,
      0.08383310928532738,
      0.08001586173069096,
      0.08728251678227376,
      0.08402890058312837
    ],
    "fold_epochs": [
      644,
      385,
      1157,
      691,
      415
    ]
  },
  "UE": {
    "fold_val_losses": [
      0.17084083097269764,
      0.16236077207461855,
      0.1683404784395328,
      0.16159653765376375,
      0.16350525670885888
    ],
    "fold_epochs": [
      836,
      725,
      597,
      910,
      742
    ]
  },
  "TE": {
    "fold_val_losses": [
      0.17181875085158832,
      0.16412158397513354,
      0.1759281722007403,
      0.16948062996967,
      0.17511685683581107
    ],
    "fold_epochs": [
      846,
      842,
      433,
      654,
      478
    ]
  }
}