{
  "YS": {
    "fold_val_losses": [
      0.0910352120494201,
      0.08684850816250538,
      0.09128179976050958,
      0.08828938013615728,
      0.08960662853557945
    ],
    "fold_epochs": [
      288,
      242,
      418,
      758,
      326
    ]
  },
  "UTS": {
    "fold_val_losses": [
      0.08233212123431811,
      0.07979569104885101,
      0.08181367421031091,
      0.0842099657141361,
      0.07867799349138715
    ],
    "fold_epochs": [
      548,
      729,
      626,
      617,
      982
    ]
  },
  "UE": {
    "fold_val_losses": [
      0.16557695710377573,
      0.15791421968601702,
      0.16660161633136333,
      0.15790618217291952,
      0.16552314944422564
    ],
    "fold_epochs": [
      832,
      568,
      493,
      883,
      661
    ]
  },
  "TE": {
    "fold_val_losses": [
      0.16858237301994622,
      0.15697760196533123,
      0.16956834672195337,
      0.16084674273093208,
      0.1617377447214163
    ],
    "fold_epochs": [
      790,
      1139,
      457,
      828,
      862
    ]
  }
}