{
  "YS": {
    "fold_val_losses": [
      0.09070360469323302,
      0.08614773914343499,
      0.08908376152596473,
      0.08829153095912032,
      0.08882537192045348
    ],
    "fold_epochs": [
      596,
      357,
      741,
      658,
      568
    ]
  },
  "UTS": {
    "fold_val_losses": [
      0.08216521230354379,
      0.07963629231727895,
      0.08077126395758827,
      0.0825265672903101,
      0.07896061481891312
    ],
    "fold_epochs": [
      625,
      563,
      752,
      859,
      678
    ]
  },
  "UE": {
    "fold_val_losses": [
      0.16511844992864613,
      0.15585380655297987,
      0.1604669674739818,
      0.151859315237453,
      0.1565510846893297
    ],
    "fold_epochs": [
      863,
      819,
      700,
      1336,
      1049
    ]
  },
  "TE": {
    "fold_val_losses": [
      0.1697126575028058,
      0.15984588837140232,
      0.16509192127346714,
      0.16376681871586987,
      0.15951143188038092
    ],
    "fold_epochs": [
      658,
      894,
      809,
      600,
      1103
    ]
  }
}