{
  "YS": {
    "property": "yield_strength",
    "vppm_rmse_mean": 24.26889419555664,
    "vppm_rmse_std": 0.6360553503036499,
    "naive_rmse": 33.907386779785156,
    "reduction": 9.638492584228516,
    "reduction_pct": 28.42593765258789,
    "fold_rmses": [
      24.910581588745117,
      23.244882583618164,
      24.947002410888672,
      24.292604446411133,
      23.949399948120117
    ],
    "n_samples": 6373
  },
  "UTS": {
    "property": "ultimate_tensile_strength",
    "vppm_rmse_mean": 43.221900939941406,
    "vppm_rmse_std": 1.8870717287063599,
    "naive_rmse": 68.43310546875,
    "reduction": 25.211204528808594,
    "reduction_pct": 36.84065628051758,
    "fold_rmses": [
      44.81697082519531,
      42.4427375793457,
      41.69136047363281,
      46.03440475463867,
      41.12401580810547
    ],
    "n_samples": 6373
  },
  "UE": {
    "property": "uniform_elongation",
    "vppm_rmse_mean": 9.29521369934082,
    "vppm_rmse_std": 0.314177006483078,
    "naive_rmse": 15.002843856811523,
    "reduction": 5.707630157470703,
    "reduction_pct": 38.04365539550781,
    "fold_rmses": [
      9.599377632141113,
      8.834980010986328,
      9.072632789611816,
      9.668895721435547,
      9.300180435180664
    ],
    "n_samples": 6373
  },
  "TE": {
    "property": "total_elongation",
    "vppm_rmse_mean": 11.427734375,
    "vppm_rmse_std": 0.31594008207321167,
    "naive_rmse": 18.518062591552734,
    "reduction": 7.090328216552734,
    "reduction_pct": 38.28871536254883,
    "fold_rmses": [
      11.9427490234375,
      10.953880310058594,
      11.45055866241455,
      11.453813552856445,
      11.337668418884277
    ],
    "n_samples": 6373
  }
}