{
  "YS": {
    "property": "yield_strength",
    "vppm_rmse_mean": 31.33467873039495,
    "vppm_rmse_std": 0.2724887289555652,
    "naive_rmse": 33.907386779785156,
    "reduction": 2.572708049390208,
    "reduction_pct": 7.587455990338955,
    "fold_rmses": [
      31.419841108770054,
      31.187614677614697,
      31.80792611053915,
      31.259014229372756,
      30.998997525678103
    ],
    "n_samples": 6373
  },
  "UTS": {
    "property": "ultimate_tensile_strength",
    "vppm_rmse_mean": 64.84052234163099,
    "vppm_rmse_std": 1.7623645538033885,
    "naive_rmse": 68.43310546875,
    "reduction": 3.5925831271190134,
    "reduction_pct": 5.249773632967114,
    "fold_rmses": [
      62.48351820308908,
      64.43520863081059,
      66.31600719778878,
      67.32850806332071,
      63.63936961314576
    ],
    "n_samples": 6373
  },
  "UE": {
    "property": "uniform_elongation",
    "vppm_rmse_mean": 13.069858156355911,
    "vppm_rmse_std": 0.6650208685688594,
    "naive_rmse": 15.002843856811523,
    "reduction": 1.9329857004556121,
    "reduction_pct": 12.884128628573354,
    "fold_rmses": [
      12.831900223986485,
      12.774208699887572,
      13.992168096384848,
      12.120182203106602,
      13.630831558414046
    ],
    "n_samples": 6373
  },
  "TE": {
    "property": "total_elongation",
    "vppm_rmse_mean": 16.086629044076886,
    "vppm_rmse_std": 0.505527075995704,
    "naive_rmse": 18.518062591552734,
    "reduction": 2.431433547475848,
    "reduction_pct": 13.130064419292866,
    "fold_rmses": [
      15.56477482800945,
      16.136200844652095,
      16.615204425103514,
      15.457640421404195,
      16.659324701215187
    ],
    "n_samples": 6373
  }
}