{
  "YS": {
    "fold_val_losses": [
      0.09151393650834952,
      0.08993733439274748,
      0.09242548156977319,
      0.09292615982977782,
      0.09231580483654601
    ],
    "fold_epochs": [
      844,
      339,
      800,
      588,
      396
    ]
  },
  "UTS": {
    "fold_val_losses": [
      0.08778780670309315,
      0.08686568452660318,
      0.08335860693996955,
      0.08599370832265425,
      0.08458533933050788
    ],
    "fold_epochs": [
      413,
      356,
      706,
      1033,
      499
    ]
  },
  "UE": {
    "fold_val_losses": [
      0.1741721794580439,
      0.16499901666899866,
      0.17229374147547458,
      0.1692504816289459,
      0.16863270339914058
    ],
    "fold_epochs": [
      695,
      628,
      720,
      666,
      838
    ]
  },
  "TE": {
    "fold_val_losses": [
      0.1807738070138126,
      0.17184904560627218,
      0.17991647769375774,
      0.1687923205092925,
      0.16719300276094318
    ],
    "fold_epochs": [
      463,
      630,
      428,
      758,
      1426
    ]
  }
}