{
  "YS": {
    "fold_val_losses": [
      0.09797683392050122,
      0.0985212778577433,
      0.10583224532559665,
      0.1002349526222263,
      0.09868443979956638
    ],
    "fold_epochs": [
      464,
      251,
      245,
      558,
      451
    ]
  },
  "UTS": {
    "fold_val_losses": [
      0.10070613039386518,
      0.10286338422928062,
      0.109089857429003,
      0.1035993878001801,
      0.10017076219369016
    ],
    "fold_epochs": [
      310,
      380,
      361,
      372,
      534
    ]
  },
  "UE": {
    "fold_val_losses": [
      0.19845941256496258,
      0.20487241609401613,
      0.20349968190923964,
      0.19284234086380286,
      0.20149732637070453
    ],
    "fold_epochs": [
      901,
      705,
      1034,
      820,
      988
    ]
  },
  "TE": {
    "fold_val_losses": [
      0.21099475557261174,
      0.2183510782908238,
      0.22157894812433435,
      0.20712787319882578,
      0.21398420553859013
    ],
    "fold_epochs": [
      832,
      797,
      717,
      627,
      1196
    ]
  }
}