{
  "YS": {
    "fold_val_losses": [
      0.09094775433685913,
      0.08889493559648515,
      0.09222302638243737,
      0.09032324612328485,
      0.09089966006053667
    ],
    "fold_epochs": [
      451,
      388,
      567,
      603,
      379
    ]
  },
  "UTS": {
    "fold_val_losses": [
      0.08435559713294222,
      0.08610373171631946,
      0.08598579303718003,
      0.08664699306539378,
      0.0835061891772814
    ],
    "fold_epochs": [
      725,
      364,
      754,
      875,
      875
    ]
  },
  "UE": {
    "fold_val_losses": [
      0.17506791257062337,
      0.1663927500062142,
      0.17392266560089673,
      0.1667993428702114,
      0.16431084967968868
    ],
    "fold_epochs": [
      463,
      683,
      581,
      1032,
      1107
    ]
  },
  "TE": {
    "fold_val_losses": [
      0.17412940664517151,
      0.17227735448473688,
      0.1807180602203058,
      0.17257292283808484,
      0.16730101701552536
    ],
    "fold_epochs": [
      624,
      629,
      367,
      1109,
      947
    ]
  }
}