{
  "YS": {
    "fold_val_losses": [
      0.07836694252214083,
      0.07683813347510127,
      0.08048700853938597,
      0.07752333305963949,
      0.0802974400183098
    ],
    "fold_epochs": [
      311,
      156,
      179,
      217,
      333
    ]
  },
  "UTS": {
    "fold_val_losses": [
      0.06066723917777631,
      0.05979741907130737,
      0.06253862915845342,
      0.060852111105908865,
      0.0648319786316971
    ],
    "fold_epochs": [
      239,
      292,
      214,
      310,
      231
    ]
  },
  "UE": {
    "fold_val_losses": [
      0.12112922837102313,
      0.11658527186162977,
      0.11569805728315595,
      0.11405290318887774,
      0.12073400217378429
    ],
    "fold_epochs": [
      283,
      208,
      246,
      218,
      202
    ]
  },
  "TE": {
    "fold_val_losses": [
      0.12645783686764986,
      0.12359569014185914,
      0.12186798377142861,
      0.12178276973862608,
      0.12412917213573918
    ],
    "fold_epochs": [
      256,
      339,
      177,
      233,
      278
    ]
  }
}