{
  "YS": {
    "property": "yield_strength",
    "vppm_rmse_mean": 26.34330177307129,
    "vppm_rmse_std": 0.9052363634109497,
    "naive_rmse": 33.907386779785156,
    "reduction": 7.564085006713867,
    "reduction_pct": 22.308073043823242,
    "fold_rmses": [
      25.844764709472656,
      27.892547607421875,
      26.683591842651367,
      26.075185775756836,
      25.220413208007812
    ],
    "n_samples": 6373
  },
  "UTS": {
    "property": "ultimate_tensile_strength",
    "vppm_rmse_mean": 53.0021858215332,
    "vppm_rmse_std": 1.961122989654541,
    "naive_rmse": 68.43310546875,
    "reduction": 15.430919647216797,
    "reduction_pct": 22.54891014099121,
    "fold_rmses": [
      49.26844024658203,
      54.2269287109375,
      53.411773681640625,
      54.893802642822266,
      53.21000671386719
    ],
    "n_samples": 6373
  },
  "UE": {
    "property": "uniform_elongation",
    "vppm_rmse_mean": 11.524757385253906,
    "vppm_rmse_std": 0.13720272481441498,
    "naive_rmse": 15.002843856811523,
    "reduction": 3.478086471557617,
    "reduction_pct": 23.18284797668457,
    "fold_rmses": [
      11.708802223205566,
      11.554094314575195,
      11.285501480102539,
      11.567790031433105,
      11.507594108581543
    ],
    "n_samples": 6373
  },
  "TE": {
    "property": "total_elongation",
    "vppm_rmse_mean": 13.67236042022705,
    "vppm_rmse_std": 0.12821075320243835,
    "naive_rmse": 18.518062591552734,
    "reduction": 4.845702171325684,
    "reduction_pct": 26.167436599731445,
    "fold_rmses": [
      13.483656883239746,
      13.708388328552246,
      13.862417221069336,
      13.718720436096191,
      13.588622093200684
    ],
    "n_samples": 6373
  }
}