{
  "YS": {
    "fold_val_losses": [
      0.07533322675680866,
      0.07189157228718751,
      0.07743509837575865,
      0.07458186149597168,
      0.0785433496437767
    ],
    "fold_epochs": [
      127,
      113,
      109,
      103,
      129
    ]
  },
  "UTS": {
    "fold_val_losses": [
      0.05557707526824383,
      0.05543121225492398,
      0.057788092432248264,
      0.0567820005807556,
      0.05910547166815358
    ],
    "fold_epochs": [
      149,
      141,
      155,
      123,
      105
    ]
  },
  "UE": {
    "fold_val_losses": [
      0.11348544861851806,
      0.10347119802947481,
      0.11088437234894381,
      0.1092325400780229,
      0.11090838632440506
    ],
    "fold_epochs": [
      155,
      156,
      94,
      114,
      142
    ]
  },
  "TE": {
    "fold_val_losses": [
      0.11698700887474744,
      0.11311006738268244,
      0.1169372473232102,
      0.11693765874169454,
      0.12055175027894487
    ],
    "fold_epochs": [
      109,
      120,
      112,
      171,
      95
    ]
  }
}