{
  "YS": {
    "fold_val_losses": [
      0.09119492154128662,
      0.08756084573808753,
      0.0907877397160545,
      0.09024655537194565,
      0.08869405957664414
    ],
    "fold_epochs": [
      391,
      417,
      657,
      477,
      652
    ]
  },
  "UTS": {
    "fold_val_losses": [
      0.08234761718601011,
      0.08196170174326942,
      0.08254186876936143,
      0.08372044607903026,
      0.0813796528464
    ],
    "fold_epochs": [
      611,
      503,
      675,
      891,
      571
    ]
  },
  "UE": {
    "fold_val_losses": [
      0.1679108585575021,
      0.15938356357885072,
      0.16721804604000035,
      0.1625982082034109,
      0.16035486176362593
    ],
    "fold_epochs": [
      802,
      730,
      600,
      857,
      877
    ]
  },
  "TE": {
    "fold_val_losses": [
      0.16952254004468165,
      0.16401755374283963,
      0.16897663157728163,
      0.16516515230681716,
      0.1674988824936013
    ],
    "fold_epochs": [
      764,
      833,
      787,
      604,
      657
    ]
  }
}