{
  "YS": {
    "property": "yield_strength",
    "vppm_rmse_mean": 32.259755826463575,
    "vppm_rmse_std": 1.4864850117613164,
    "naive_rmse": 33.907386779785156,
    "reduction": 1.6476309533215812,
    "reduction_pct": 4.859209481468689,
    "fold_rmses": [
      32.61892061270381,
      30.736125309762826,
      34.624523021189624,
      32.72854229268414,
      30.590667895977482
    ],
    "n_samples": 6373
  },
  "UTS": {
    "property": "ultimate_tensile_strength",
    "vppm_rmse_mean": 69.38595971301247,
    "vppm_rmse_std": 2.8841242940796397,
    "naive_rmse": 68.43310546875,
    "reduction": -0.9528542442624683,
    "reduction_pct": -1.3923878475712161,
    "fold_rmses": [
      70.14885365640687,
      67.55358304481882,
      72.67333296898195,
      71.76878413966814,
      64.78524475518654
    ],
    "n_samples": 6373
  },
  "UE": {
    "property": "uniform_elongation",
    "vppm_rmse_mean": 15.578684537684733,
    "vppm_rmse_std": 0.2932810259596035,
    "naive_rmse": 15.002843856811523,
    "reduction": -0.5758406808732097,
    "reduction_pct": -3.8382101844762526,
    "fold_rmses": [
      15.56082243586391,
      15.466029409501376,
      16.107967803485735,
      15.548727930423215,
      15.209875109149444
    ],
    "n_samples": 6373
  },
  "TE": {
    "property": "total_elongation",
    "vppm_rmse_mean": 18.39269829973365,
    "vppm_rmse_std": 0.2851357994047015,
    "naive_rmse": 18.518062591552734,
    "reduction": 0.1253642918190856,
    "reduction_pct": 0.6769838432032961,
    "fold_rmses": [
      18.357178533794603,
      18.27421390126656,
      18.94534963263883,
      18.249626985750748,
      18.137122445217518
    ],
    "n_samples": 6373
  }
}