{
  "YS": {
    "fold_val_losses": [
      0.0793811555542326,
      0.07728665730101363,
      0.08067591173166799,
      0.07916412552615174,
      0.08167019920140543
    ],
    "fold_epochs": [
      317,
      231,
      261,
      156,
      321
    ]
  },
  "UTS": {
    "fold_val_losses": [
      0.060485108265396485,
      0.061064067386432094,
      0.06177168467502423,
      0.06202323387275223,
      0.06471784381650264
    ],
    "fold_epochs": [
      379,
      347,
      310,
      266,
      309
    ]
  },
  "UE": {
    "fold_val_losses": [
      0.12320839167095193,
      0.11268044343946983,
      0.1184191676647113,
      0.11582609215954773,
      0.1194823384304004
    ],
    "fold_epochs": [
      210,
      377,
      306,
      389,
      279
    ]
  },
  "TE": {
    "fold_val_losses": [
      0.12660865347211087,
      0.12703697419891613,
      0.12521061655486865,
      0.1257787714360141,
      0.125820059311192
    ],
    "fold_epochs": [
      345,
      321,
      163,
      257,
      443
    ]
  }
}