{
  "YS": {
    "property": "yield_strength",
    "vppm_rmse_mean": 24.053241729736328,
    "vppm_rmse_std": 0.6866154670715332,
    "naive_rmse": 33.907386779785156,
    "reduction": 9.854145050048828,
    "reduction_pct": 29.06194305419922,
    "fold_rmses": [
      24.87604522705078,
      22.88152313232422,
      24.555126190185547,
      24.124542236328125,
      23.828960418701172
    ],
    "n_samples": 6373
  },
  "UTS": {
    "property": "ultimate_tensile_strength",
    "vppm_rmse_mean": 43.04670333862305,
    "vppm_rmse_std": 1.6401636600494385,
    "naive_rmse": 68.43310546875,
    "reduction": 25.386402130126953,
    "reduction_pct": 37.0966682434082,
    "fold_rmses": [
      45.12093734741211,
      42.196685791015625,
      41.92599105834961,
      44.88761520385742,
      41.10228729248047
    ],
    "n_samples": 6373
  },
  "UE": {
    "property": "uniform_elongation",
    "vppm_rmse_mean": 9.242225646972656,
    "vppm_rmse_std": 0.3919066786766052,
    "naive_rmse": 15.002843856811523,
    "reduction": 5.760618209838867,
    "reduction_pct": 38.39684295654297,
    "fold_rmses": [
      10.003602027893066,
      8.957733154296875,
      9.091742515563965,
      9.204345703125,
      8.953704833984375
    ],
    "n_samples": 6373
  },
  "TE": {
    "property": "total_elongation",
    "vppm_rmse_mean": 11.249582290649414,
    "vppm_rmse_std": 0.467461496591568,
    "naive_rmse": 18.518062591552734,
    "reduction": 7.26848030090332,
    "reduction_pct": 39.250762939453125,
    "fold_rmses": [
      11.97228717803955,
      10.601613998413086,
      11.0819730758667,
      11.538949012756348,
      11.053088188171387
    ],
    "n_samples": 6373
  }
}