{
  "YS": {
    "property": "yield_strength",
    "vppm_rmse_mean": 29.46175765991211,
    "vppm_rmse_std": 1.2896233797073364,
    "naive_rmse": 33.907386779785156,
    "reduction": 4.445629119873047,
    "reduction_pct": 13.111093521118164,
    "fold_rmses": [
      29.305238723754883,
      28.129539489746094,
      31.675886154174805,
      29.920915603637695,
      28.277212142944336
    ],
    "n_samples": 6373
  },
  "UTS": {
    "property": "ultimate_tensile_strength",
    "vppm_rmse_mean": 64.3929672241211,
    "vppm_rmse_std": 3.026675224304199,
    "naive_rmse": 68.43310546875,
    "reduction": 4.040138244628906,
    "reduction_pct": 5.903777599334717,
    "fold_rmses": [
      62.72376251220703,
      63.2565803527832,
      69.03912353515625,
      66.50958251953125,
      60.43577575683594
    ],
    "n_samples": 6373
  },
  "UE": {
    "property": "uniform_elongation",
    "vppm_rmse_mean": 13.979850769042969,
    "vppm_rmse_std": 0.4825109839439392,
    "naive_rmse": 15.002843856811523,
    "reduction": 1.0229930877685547,
    "reduction_pct": 6.818661212921143,
    "fold_rmses": [
      14.284714698791504,
      14.399426460266113,
      14.423787117004395,
      13.483597755432129,
      13.30772590637207
    ],
    "n_samples": 6373
  },
  "TE": {
    "property": "total_elongation",
    "vppm_rmse_mean": 15.842559814453125,
    "vppm_rmse_std": 0.367958664894104,
    "naive_rmse": 18.518062591552734,
    "reduction": 2.6755027770996094,
    "reduction_pct": 14.448070526123047,
    "fold_rmses": [
      15.66580867767334,
      16.397857666015625,
      16.15573501586914,
      15.501814842224121,
      15.491581916809082
    ],
    "n_samples": 6373
  }
}