{
  "YS": {
    "fold_val_losses": [
      0.07941203060228681,
      0.074678176893348,
      0.07984124109547323,
      0.07773826233729594,
      0.08035785251155515
    ],
    "fold_epochs": [
      192,
      165,
      273,
      162,
      240
    ]
  },
  "UTS": {
    "fold_val_losses": [
      0.05961782591832141,
      0.05893703112638643,
      0.06107482396195747,
      0.06064117436899858,
      0.061539442937150315
    ],
    "fold_epochs": [
      293,
      236,
      161,
      183,
      293
    ]
  },
  "UE": {
    "fold_val_losses": [
      0.12063778760576042,
      0.11316179337392926,
      0.11449812079230873,
      0.11205731238387212,
      0.11714233017668109
    ],
    "fold_epochs": [
      239,
      271,
      147,
      211,
      191
    ]
  },
  "TE": {
    "fold_val_losses": [
      0.1252331173519823,
      0.1232688790280421,
      0.11916574532184977,
      0.12234679928847722,
      0.12251552528919388
    ],
    "fold_epochs": [
      296,
      195,
      259,
      174,
      263
    ]
  }
}