{
  "YS": {
    "fold_val_losses": [
      0.09026791736214983,
      0.08736486983077975,
      0.08961281520714551,
      0.08996234990718986,
      0.08704104869225625
    ],
    "fold_epochs": [
      493,
      300,
      563,
      539,
      886
    ]
  },
  "UTS": {
    "fold_val_losses": [
      0.08390050412442485,
      0.0791700514854413,
      0.07935308287673853,
      0.08345175110304556,
      0.08001159151509347
    ],
    "fold_epochs": [
      368,
      745,
      919,
      821,
      498
    ]
  },
  "UE": {
    "fold_val_losses": [
      0.1679515787477147,
      0.1572352877066222,
      0.15639790498124387,
      0.15932934261670634,
      0.15769909130050153
    ],
    "fold_epochs": [
      585,
      582,
      1141,
      748,
      974
    ]
  },
  "TE": {
    "fold_val_losses": [
      0.17353110805278685,
      0.1639366507953942,
      0.17006898582631386,
      0.16373667815903656,
      0.16858742887565764
    ],
    "fold_epochs": [
      494,
      663,
      466,
      728,
      676
    ]
  }
}