{
  "YS": {
    "property": "yield_strength",
    "vppm_rmse_mean": 28.877803802490234,
    "vppm_rmse_std": 0.98566734790802,
    "naive_rmse": 33.907386779785156,
    "reduction": 5.029582977294922,
    "reduction_pct": 14.833295822143555,
    "fold_rmses": [
      28.6170654296875,
      28.07782554626465,
      30.693288803100586,
      29.033769607543945,
      27.96706771850586
    ],
    "n_samples": 6373
  },
  "UTS": {
    "property": "ultimate_tensile_strength",
    "vppm_rmse_mean": 61.36188888549805,
    "vppm_rmse_std": 1.5554147958755493,
    "naive_rmse": 68.43310546875,
    "reduction": 7.071216583251953,
    "reduction_pct": 10.333035469055176,
    "fold_rmses": [
      60.90135192871094,
      60.21321105957031,
      63.04976272583008,
      63.286354064941406,
      59.35875701904297
    ],
    "n_samples": 6373
  },
  "UE": {
    "property": "uniform_elongation",
    "vppm_rmse_mean": 12.916770935058594,
    "vppm_rmse_std": 0.1331731379032135,
    "naive_rmse": 15.002843856811523,
    "reduction": 2.0860729217529297,
    "reduction_pct": 13.904516220092773,
    "fold_rmses": [
      12.733983993530273,
      13.133901596069336,
      12.962518692016602,
      12.83918571472168,
      12.91425895690918
    ],
    "n_samples": 6373
  },
  "TE": {
    "property": "total_elongation",
    "vppm_rmse_mean": 15.5408296585083,
    "vppm_rmse_std": 0.13951803743839264,
    "naive_rmse": 18.518062591552734,
    "reduction": 2.9772329330444336,
    "reduction_pct": 16.07745361328125,
    "fold_rmses": [
      15.47443962097168,
      15.445658683776855,
      15.79382038116455,
      15.406578063964844,
      15.583648681640625
    ],
    "n_samples": 6373
  }
}