{
  "YS": {
    "fold_val_losses": [
      0.10291273429267266,
      0.0992326514227507,
      0.10955580969986717,
      0.10732804346798348,
      0.10456659385070947
    ],
    "fold_epochs": [
      20,
      20,
      20,
      20,
      20
    ]
  },
  "UTS": {
    "fold_val_losses": [
      0.10885478574976487,
      0.11113303894860736,
      0.12064079428853043,
      0.1157252443249987,
      0.1124229603524333
    ],
    "fold_epochs": [
      20,
      20,
      20,
      20,
      20
    ]
  },
  "UE": {
    "fold_val_losses": [
      0.2281226023263694,
      0.22607326994072832,
      0.23668424322980736,
      0.21980040110334628,
      0.2219780332207832
    ],
    "fold_epochs": [
      20,
      20,
      20,
      20,
      20
    ]
  },
  "TE": {
    "fold_val_losses": [
      0.22175582498122848,
      0.22788413580685557,
      0.23339971442083987,
      0.22380812622669363,
      0.22860602674813107
    ],
    "fold_epochs": [
      20,
      20,
      20,
      20,
      20
    ]
  }
}