{
  "YS": {
    "property": "yield_strength",
    "vppm_rmse_mean": 20.658545859262894,
    "vppm_rmse_std": 0.9762865441896643,
    "naive_rmse": 33.907386779785156,
    "reduction": 13.248840920522262,
    "reduction_pct": 39.07361250387167,
    "fold_rmses": [
      20.13999588415361,
      19.412128035936263,
      22.09026397644522,
      20.17791450148719,
      21.472426898292202
    ],
    "n_samples": 6373
  },
  "UTS": {
    "property": "ultimate_tensile_strength",
    "vppm_rmse_mean": 29.737732512705605,
    "vppm_rmse_std": 0.873342084697826,
    "naive_rmse": 68.43310546875,
    "reduction": 38.695372956044395,
    "reduction_pct": 56.5448151022675,
    "fold_rmses": [
      28.678964237091936,
      28.714140405005462,
      30.237000780980175,
      30.262312473057325,
      30.796244667393147
    ],
    "n_samples": 6373
  },
  "UE": {
    "property": "uniform_elongation",
    "vppm_rmse_mean": 6.614314883051326,
    "vppm_rmse_std": 0.21585569856482728,
    "naive_rmse": 15.002843856811523,
    "reduction": 8.388528973760199,
    "reduction_pct": 55.912925934716554,
    "fold_rmses": [
      6.940379094781954,
      6.42985827070956,
      6.331592150414667,
      6.647876388796255,
      6.721868510554191
    ],
    "n_samples": 6373
  },
  "TE": {
    "property": "total_elongation",
    "vppm_rmse_mean": 8.462229858563113,
    "vppm_rmse_std": 0.2680951263656378,
    "naive_rmse": 18.518062591552734,
    "reduction": 10.055832732989622,
    "reduction_pct": 54.30283369695881,
    "fold_rmses": [
      8.936728834023343,
      8.400878671950943,
      8.112067148397779,
      8.376588199031108,
      8.484886439412385
    ],
    "n_samples": 6373
  }
}