{
  "YS": {
    "property": "yield_strength",
    "vppm_rmse_mean": 24.343610763549805,
    "vppm_rmse_std": 0.6438712477684021,
    "naive_rmse": 33.907386779785156,
    "reduction": 9.563776016235352,
    "reduction_pct": 28.205581665039062,
    "fold_rmses": [
      24.80339241027832,
      23.209171295166016,
      25.091047286987305,
      24.388429641723633,
      24.226015090942383
    ],
    "n_samples": 6373
  },
  "UTS": {
    "property": "ultimate_tensile_strength",
    "vppm_rmse_mean": 44.557899475097656,
    "vppm_rmse_std": 1.81501042842865,
    "naive_rmse": 68.43310546875,
    "reduction": 23.875205993652344,
    "reduction_pct": 34.88838577270508,
    "fold_rmses": [
      46.96792984008789,
      43.009883880615234,
      44.2075080871582,
      46.30372619628906,
      42.30046081542969
    ],
    "n_samples": 6373
  },
  "UE": {
    "property": "uniform_elongation",
    "vppm_rmse_mean": 9.641805648803711,
    "vppm_rmse_std": 0.424570769071579,
    "naive_rmse": 15.002843856811523,
    "reduction": 5.3610382080078125,
    "reduction_pct": 35.73347854614258,
    "fold_rmses": [
      10.330612182617188,
      9.169416427612305,
      9.436007499694824,
      9.920475006103516,
      9.352519989013672
    ],
    "n_samples": 6373
  },
  "TE": {
    "property": "total_elongation",
    "vppm_rmse_mean": 11.781171798706055,
    "vppm_rmse_std": 0.49317944049835205,
    "naive_rmse": 18.518062591552734,
    "reduction": 6.73689079284668,
    "reduction_pct": 36.38010787963867,
    "fold_rmses": [
      12.569846153259277,
      11.038039207458496,
      11.648097038269043,
      11.925777435302734,
      11.724102020263672
    ],
    "n_samples": 6373
  }
}