{
  "YS": {
    "fold_val_losses": [
      0.07897037575997869,
      0.07683045896120358,
      0.08014876652550548,
      0.07721473570881772,
      0.08242586799546373
    ],
    "fold_epochs": [
      275,
      318,
      314,
      229,
      228
    ]
  },
  "UTS": {
    "fold_val_losses": [
      0.06092201365386359,
      0.06227795470343131,
      0.06278315573822453,
      0.06264741546591791,
      0.06302053910391084
    ],
    "fold_epochs": [
      308,
      189,
      249,
      222,
      245
    ]
  },
  "UE": {
    "fold_val_losses": [
      0.12211765629986755,
      0.11638396438122926,
      0.11695242027879968,
      0.11445883348458956,
      0.11921970865773668
    ],
    "fold_epochs": [
      213,
      253,
      215,
      284,
      246
    ]
  },
  "TE": {
    "fold_val_losses": [
      0.12690514087389496,
      0.12638948072314954,
      0.12282171437423507,
      0.12612233016671254,
      0.12637862362167387
    ],
    "fold_epochs": [
      300,
      309,
      276,
      137,
      313
    ]
  }
}