{
  "YS": {
    "fold_val_losses": [
      0.09131903921999462,
      0.08756462645262339,
      0.09104565193389813,
      0.08909632913580462,
      0.08981377710403915
    ],
    "fold_epochs": [
      450,
      379,
      531,
      515,
      543
    ]
  },
  "UTS": {
    "fold_val_losses": [
      0.08222831376171197,
      0.08218428044491155,
      0.08226488848537586,
      0.08335007781929829,
      0.07983164008740112
    ],
    "fold_epochs": [
      813,
      262,
      488,
      719,
      674
    ]
  },
  "UE": {
    "fold_val_losses": [
      0.17242868302149286,
      0.1589372662838162,
      0.1630451686307111,
      0.15765270858439578,
      0.1652859406947785
    ],
    "fold_epochs": [
      369,
      534,
      566,
      828,
      603
    ]
  },
  "TE": {
    "fold_val_losses": [
      0.16866707665631542,
      0.15825635591828868,
      0.1688743347073418,
      0.16053213141545528,
      0.1647888828511439
    ],
    "fold_epochs": [
      840,
      903,
      523,
      811,
      718
    ]
  }
}