{
  "YS": {
    "property": "yield_strength",
    "vppm_rmse_mean": 24.152263641357422,
    "vppm_rmse_std": 0.7553978562355042,
    "naive_rmse": 33.907386779785156,
    "reduction": 9.755123138427734,
    "reduction_pct": 28.76990509033203,
    "fold_rmses": [
      24.834043502807617,
      22.8208065032959,
      24.912988662719727,
      24.22054672241211,
      23.972925186157227
    ],
    "n_samples": 6373
  },
  "UTS": {
    "property": "ultimate_tensile_strength",
    "vppm_rmse_mean": 43.534263610839844,
    "vppm_rmse_std": 1.9480547904968262,
    "naive_rmse": 68.43310546875,
    "reduction": 24.898841857910156,
    "reduction_pct": 36.38420867919922,
    "fold_rmses": [
      45.877281188964844,
      41.868534088134766,
      42.10512161254883,
      45.957763671875,
      41.86261749267578
    ],
    "n_samples": 6373
  },
  "UE": {
    "property": "uniform_elongation",
    "vppm_rmse_mean": 9.441024780273438,
    "vppm_rmse_std": 0.39302417635917664,
    "naive_rmse": 15.002843856811523,
    "reduction": 5.561819076538086,
    "reduction_pct": 37.0717658996582,
    "fold_rmses": [
      10.203250885009766,
      9.066781997680664,
      9.286118507385254,
      9.332711219787598,
      9.316261291503906
    ],
    "n_samples": 6373
  },
  "TE": {
    "property": "total_elongation",
    "vppm_rmse_mean": 11.615382194519043,
    "vppm_rmse_std": 0.4451633095741272,
    "naive_rmse": 18.518062591552734,
    "reduction": 6.902680397033691,
    "reduction_pct": 37.275390625,
    "fold_rmses": [
      12.190377235412598,
      10.844335556030273,
      11.519454002380371,
      11.844712257385254,
      11.678032875061035
    ],
    "n_samples": 6373
  }
}