{
  "YS": {
    "property": "yield_strength",
    "vppm_rmse_mean": 21.42219621049715,
    "vppm_rmse_std": 1.0992019712016492,
    "naive_rmse": 33.907386779785156,
    "reduction": 12.485190569288005,
    "reduction_pct": 36.82144734530649,
    "fold_rmses": [
      21.085453450285282,
      19.734158574608593,
      23.023343183438296,
      21.173060726524362,
      22.09496511762921
    ],
    "n_samples": 6373
  },
  "UTS": {
    "property": "ultimate_tensile_strength",
    "vppm_rmse_mean": 31.005606689315254,
    "vppm_rmse_std": 1.179720408132677,
    "naive_rmse": 68.43310546875,
    "reduction": 37.42749877943474,
    "reduction_pct": 54.69209459817079,
    "fold_rmses": [
      30.682693335021938,
      29.06778231670836,
      30.87956651722804,
      31.85619512914909,
      32.54179614846886
    ],
    "n_samples": 6373
  },
  "UE": {
    "property": "uniform_elongation",
    "vppm_rmse_mean": 7.16800591755015,
    "vppm_rmse_std": 0.2999605548378478,
    "naive_rmse": 15.002843856811523,
    "reduction": 7.834837939261374,
    "reduction_pct": 52.222352068966146,
    "fold_rmses": [
      7.658129536646312,
      6.751268267683586,
      7.1014641846379805,
      7.039007094791056,
      7.290160503991815
    ],
    "n_samples": 6373
  },
  "TE": {
    "property": "total_elongation",
    "vppm_rmse_mean": 9.094066876673475,
    "vppm_rmse_std": 0.262978689166452,
    "naive_rmse": 18.518062591552734,
    "reduction": 9.42399571487926,
    "reduction_pct": 50.8908297954352,
    "fold_rmses": [
      9.597605308924487,
      8.821698665156887,
      9.00435777686503,
      9.023010413835019,
      9.023662218585956
    ],
    "n_samples": 6373
  }
}