{
  "feature_min": [
    0.13940931856632233,
    47.15843200683594,
    12.25,
    0.0,
    0.06904403120279312,
    0.0,
    0.0,
    0.0,
    0.0,
    0.0,
    0.0,
    0.0,
    0.0,
    0.0
  ],
  "feature_max": [
    3.0,
    71.0,
    71.75,
    0.863244354724884,
    1.0,
    0.7019999623298645,
    0.27848976850509644,
    0.5532451868057251,
    0.028571853414177895,
    0.8765352368354797,
    0.5182029604911804,
    1.0,
    0.5,
    454.9395446777344
  ],
  "feature_keep_idx": [
    0,
    1,
    2,
    3,
    4,
    5,
    6,
    7,
    8,
    9,
    10,
    18,
    19,
    20
  ],
  "sensor_min": [
    43.67399978637695,
    62.338836669921875,
    24.871030807495117,
    0.0,
    27.0,
    41.0,
    24.886165618896484
  ],
  "sensor_max": [
    160.0,
    100.18321228027344,
    40.14285659790039,
    0.20000000298023224,
    39.0,
    60.0,
    40.121212005615234
  ],
  "target_min": {
    "yield_strength": 71.24808502197266,
    "ultimate_tensile_strength": 74.71820831298828,
    "uniform_elongation": 0.08429999649524689,
    "total_elongation": 4.067319869995117
  },
  "target_max": {
    "yield_strength": 418.3550109863281,
    "ultimate_tensile_strength": 609.91552734375,
    "uniform_elongation": 69.13323974609375,
    "total_elongation": 94.27532196044922
  }
}