{
  "YS": {
    "property": "yield_strength",
    "vppm_rmse_mean": 20.549250386206744,
    "vppm_rmse_std": 0.90465719440923,
    "naive_rmse": 33.907386779785156,
    "reduction": 13.358136393578413,
    "reduction_pct": 39.39594779253894,
    "fold_rmses": [
      20.207894240073642,
      19.1724969115806,
      21.457373912008972,
      20.273316868828026,
      21.635169998542494
    ],
    "n_samples": 6373
  },
  "UTS": {
    "property": "ultimate_tensile_strength",
    "vppm_rmse_mean": 28.868500483070182,
    "vppm_rmse_std": 1.2431918463003728,
    "naive_rmse": 68.43310546875,
    "reduction": 39.56460498567982,
    "reduction_pct": 57.81500739250684,
    "fold_rmses": [
      28.682220814081212,
      26.848359933727398,
      28.876097274253794,
      29.195095291990572,
      30.740729101297937
    ],
    "n_samples": 6373
  },
  "UE": {
    "property": "uniform_elongation",
    "vppm_rmse_mean": 6.48076190910915,
    "vppm_rmse_std": 0.26679467002106455,
    "naive_rmse": 15.002843856811523,
    "reduction": 8.522081947702373,
    "reduction_pct": 56.80311032386848,
    "fold_rmses": [
      6.974557730195517,
      6.343939963444695,
      6.2053278026097995,
      6.355866796447854,
      6.524117252847882
    ],
    "n_samples": 6373
  },
  "TE": {
    "property": "total_elongation",
    "vppm_rmse_mean": 8.342535178573781,
    "vppm_rmse_std": 0.28641786875918274,
    "naive_rmse": 18.518062591552734,
    "reduction": 10.175527412978953,
    "reduction_pct": 54.94920088249759,
    "fold_rmses": [
      8.739366672431204,
      8.415232513146165,
      7.879808528038875,
      8.210144258972115,
      8.468123920280556
    ],
    "n_samples": 6373
  }
}