{
  "YS": {
    "fold_val_losses": [
      0.09596511355418486,
      0.09145553487344689,
      0.10025034073132093,
      0.09865906560683951,
      0.09574187012201373
    ],
    "fold_epochs": [
      616,
      491,
      316,
      380,
      452
    ]
  },
  "UTS": {
    "fold_val_losses": [
      0.09554420156992156,
      0.09006920292102519,
      0.09676063181617307,
      0.09742963104313161,
      0.09328519367871005
    ],
    "fold_epochs": [
      624,
      604,
      466,
      1015,
      563
    ]
  },
  "UE": {
    "fold_val_losses": [
      0.19061971264582778,
      0.18434476694695381,
      0.1915669046475799,
      0.18910089282303297,
      0.192116502886531
    ],
    "fold_epochs": [
      535,
      721,
      440,
      714,
      378
    ]
  },
  "TE": {
    "fold_val_losses": [
      0.19126597954389196,
      0.18678583807384044,
      0.19436632884560454,
      0.19284135444449776,
      0.19301428399399628
    ],
    "fold_epochs": [
      565,
      839,
      392,
      599,
      635
    ]
  }
}