{
  "YS": {
    "fold_val_losses": [
      0.09143068204111604,
      0.08859391934216305,
      0.090274001624703,
      0.08834088194583144,
      0.0898260969197613
    ],
    "fold_epochs": [
      670,
      378,
      704,
      774,
      293
    ]
  },
  "UTS": {
    "fold_val_losses": [
      0.08468131573199772,
      0.08351709670718248,
      0.08332669761736702,
      0.08561165056371388,
      0.08053232022438622
    ],
    "fold_epochs": [
      668,
      360,
      753,
      862,
      706
    ]
  },
  "UE": {
    "fold_val_losses": [
      0.1701264064432734,
      0.15982488428623567,
      0.16629356566633832,
      0.16500019383843706,
      0.16073692287407615
    ],
    "fold_epochs": [
      1070,
      733,
      717,
      598,
      1258
    ]
  },
  "TE": {
    "fold_val_losses": [
      0.17697518330429615,
      0.16594182885496664,
      0.1700897829086478,
      0.1675132183874605,
      0.17016411908589407
    ],
    "fold_epochs": [
      630,
      685,
      660,
      646,
      722
    ]
  }
}