{
  "YS": {
    "fold_val_losses": [
      0.10065533492196845,
      0.09501681249272892,
      0.10492550086277415,
      0.1025982171516208,
      0.10240999581637206
    ],
    "fold_epochs": [
      445,
      868,
      750,
      648,
      460
    ]
  },
  "UTS": {
    "fold_val_losses": [
      0.10054397046013694,
      0.10001405210024812,
      0.1043168860319649,
      0.10647794037681668,
      0.09952325891527332
    ],
    "fold_epochs": [
      881,
      751,
      900,
      743,
      598
    ]
  },
  "UE": {
    "fold_val_losses": [
      0.2032327392502889,
      0.18966478091311995,
      0.20236344463386505,
      0.1972382239246068,
      0.2052652272151957
    ],
    "fold_epochs": [
      821,
      1249,
      651,
      1132,
      388
    ]
  },
  "TE": {
    "fold_val_losses": [
      0.20164807816089245,
      0.2022739218890259,
      0.2053132743733968,
      0.20019967625496768,
      0.20617574514252626
    ],
    "fold_epochs": [
      769,
      547,
      556,
      885,
      602
    ]
  }
}