{
  "UE": {
    "fold_val_losses": [
      0.112358701888469,
      0.10423767594929555,
      0.11070907807817343,
      0.1073523067376193,
      0.11264011659689181
    ],
    "fold_epochs": [
      90,
      131,
      119,
      129,
      151
    ]
  }
}