{
  "TE": {
    "fold_val_losses": [
      0.11766407561047969,
      0.11422544681693203,
      0.1155544304840756,
      0.11495335487758412,
      0.11960927436406585
    ],
    "fold_epochs": [
      120,
      114,
      110,
      104,
      143
    ]
  }
}