{
  "UTS": {
    "fold_val_losses": [
      0.05610217029660539,
      0.054813751063185534,
      0.05806495243857008,
      0.0570980405920193,
      0.05933560878799641
    ],
    "fold_epochs": [
      132,
      153,
      103,
      104,
      124
    ]
  }
}