{
  "YS": {
    "fold_val_losses": [
      0.07497435377773128,
      0.07115972569195643,
      0.07731834542738163,
      0.0740833431482315,
      0.07866428538795328
    ],
    "fold_epochs": [
      97,
      92,
      113,
      87,
      122
    ]
  }
}